Split,Week,Team,Opponent,Result,Points
1.0,1.0,TSM, C9,0.0,12.0
1.0,1.0,FNC,UOL,1.0,18.0
1.0,1.0,H2K,ROC,1.0,20.0
1.0,1.0,OG ,H2K,1.0,21.0
1.0,1.0,TDK, GV,0.0,9.0
1.0,1.0,TSM,NME,1.0,16.0
1.0,1.0,FNC, SK,1.0,19.0
1.0,1.0,H2K, OG,0.0,2.0
1.0,1.0,TIP, T8,1.0,20.0
1.0,1.0,C9 ,TSM,1.0,14.0
1.0,1.0,CW , SK,1.0,18.0
1.0,1.0,TIP,CLG,0.0,9.0
1.0,1.0,C9 ,DIG,0.0,0.0
1.0,1.0,CW ,GIA,0.0,6.0
1.0,1.0,NME, GV,1.0,13.0
1.0,1.0,CLG,DIG,1.0,18.0
1.0,1.0,DIG,CLG,0.0,1.0
1.0,1.0,EL ,GMB,1.0,23.0
1.0,1.0,GMB, EL,0.0,5.0
1.0,1.0,NME,TSM,0.0,4.0
1.0,1.0,SK , CW,0.0,4.0
1.0,1.0,CLG,TIP,1.0,17.0
1.0,1.0,DIG, C9,1.0,23.0
1.0,1.0,EL ,UOL,0.0,6.0
1.0,1.0,GMB,ROC,0.0,8.0
1.0,1.0,ROC,H2K,0.0,3.0
1.0,1.0,SK ,FNC,0.0,12.0
1.0,1.0,T8 ,TIP,0.0,3.0
1.0,1.0,TL ,TDK,1.0,23.0
1.0,1.0,UOL,FNC,0.0,5.0
1.0,1.0,GIA, OG,0.0,5.0
1.0,1.0,GV ,NME,0.0,10.0
1.0,1.0,ROC,GMB,1.0,22.0
1.0,1.0,T8 , TL,0.0,9.0
1.0,1.0,TL , T8,1.0,19.0
1.0,1.0,UOL, EL,1.0,17.0
1.0,1.0,GIA, CW,1.0,17.0
1.0,1.0,GV ,TDK,1.0,16.0
1.0,1.0,OG ,GIA,1.0,19.0
1.0,1.0,TDK, TL,0.0,6.0
1.0,2.0,UOL, CW,1.0,22.0
1.0,2.0,GIA, EL,1.0,21.0
1.0,2.0,GV , C9,1.0,17.0
1.0,2.0,ROC,UOL,0.0,18.0
1.0,2.0,T8 ,DIG,0.0,4.0
1.0,2.0,TL , GV,0.0,3.0
1.0,2.0,UOL,ROC,1.0,13.0
1.0,2.0,GIA, SK,1.0,17.0
1.0,2.0,GV , TL,1.0,19.0
1.0,2.0,OG , SK,1.0,22.0
1.0,2.0,TDK,DIG,0.0,11.0
1.0,2.0,TSM,TIP,1.0,23.0
1.0,2.0,FNC,ROC,1.0,20.0
1.0,2.0,H2K,GMB,1.0,17.0
1.0,2.0,OG , CW,1.0,22.0
1.0,2.0,TDK,NME,0.0,9.0
1.0,2.0,TSM,CLG,1.0,20.0
1.0,2.0,FNC,GMB,1.0,18.0
1.0,2.0,H2K, EL,1.0,20.0
1.0,2.0,TIP,TSM,0.0,5.0
1.0,2.0,C9 , GV,0.0,4.0
1.0,2.0,CW ,UOL,0.0,2.0
1.0,2.0,TIP, C9,1.0,18.0
1.0,2.0,C9 ,TIP,0.0,7.0
1.0,2.0,CW , OG,0.0,3.0
1.0,2.0,NME, TL,0.0,1.0
1.0,2.0,CLG, T8,1.0,21.0
1.0,2.0,DIG,TDK,1.0,21.0
1.0,2.0,EL ,GIA,0.0,3.0
1.0,2.0,GMB,H2K,0.0,4.0
1.0,2.0,NME,TDK,1.0,21.0
1.0,2.0,SK , OG,0.0,6.0
1.0,2.0,CLG,TSM,0.0,8.0
1.0,2.0,DIG, T8,1.0,22.0
1.0,2.0,EL ,H2K,0.0,2.0
1.0,2.0,GMB,FNC,0.0,8.0
1.0,2.0,ROC,FNC,0.0,8.0
1.0,2.0,SK ,GIA,0.0,5.0
1.0,2.0,T8 ,CLG,0.0,4.0
1.0,2.0,TL ,NME,1.0,20.0
1.0,3.0,CLG, GV,1.0,18.0
1.0,3.0,DIG,TSM,1.0,17.0
1.0,3.0,EL ,FNC,0.0,5.0
1.0,3.0,GMB, CW,1.0,23.0
1.0,3.0,NME,CLG,0.0,11.0
1.0,3.0,SK ,H2K,0.0,10.0
1.0,3.0,CLG,NME,1.0,23.0
1.0,3.0,DIG, GV,0.0,4.0
1.0,3.0,EL , CW,0.0,3.0
1.0,3.0,GMB, SK,1.0,20.0
1.0,3.0,ROC,GIA,0.0,6.0
1.0,3.0,SK ,GMB,0.0,2.0
1.0,3.0,T8 ,NME,1.0,18.0
1.0,3.0,TL , C9,1.0,18.0
1.0,3.0,UOL, OG,0.0,5.0
1.0,3.0,GIA,ROC,1.0,20.0
1.0,3.0,GV ,CLG,0.0,2.0
1.0,3.0,ROC, OG,1.0,18.0
1.0,3.0,T8 , C9,0.0,6.0
1.0,3.0,TL ,TIP,1.0,14.0
1.0,3.0,UOL,H2K,0.0,5.0
1.0,3.0,GIA,FNC,0.0,2.0
1.0,3.0,GV ,DIG,1.0,18.0
1.0,3.0,OG ,UOL,1.0,18.0
1.0,3.0,TDK,TIP,0.0,1.0
1.0,3.0,TSM,DIG,0.0,9.0
1.0,3.0,FNC, EL,1.0,18.0
1.0,3.0,H2K, SK,1.0,13.0
1.0,3.0,OG ,ROC,0.0,3.0
1.0,3.0,TDK,TSM,0.0,6.0
1.0,3.0,TSM,TDK,1.0,20.0
1.0,3.0,FNC,GIA,1.0,22.0
1.0,3.0,H2K,UOL,1.0,18.0
1.0,3.0,TIP,TDK,1.0,22.0
1.0,3.0,C9 , TL,0.0,9.0
1.0,3.0,CW ,GMB,0.0,5.0
1.0,3.0,TIP, TL,0.0,7.0
1.0,3.0,C9 , T8,1.0,14.0
1.0,3.0,CW , EL,1.0,20.0
1.0,3.0,NME, T8,0.0,7.0
1.0,4.0,C9 ,NME,0.0,3.0
1.0,4.0,CW ,H2K,0.0,2.0
1.0,4.0,TIP,NME,1.0,19.0
1.0,4.0,C9 ,CLG,0.0,5.0
1.0,4.0,CW ,FNC,0.0,1.0
1.0,4.0,NME, C9,1.0,19.0
1.0,4.0,CLG,TDK,1.0,12.0
1.0,4.0,DIG,TIP,1.0,17.0
1.0,4.0,EL ,ROC,1.0,16.0
1.0,4.0,GMB,GIA,1.0,17.0
1.0,4.0,NME,TIP,0.0,5.0
1.0,4.0,SK ,UOL,1.0,14.0
1.0,4.0,CLG, C9,1.0,22.0
1.0,4.0,DIG, TL,1.0,20.0
1.0,4.0,EL , OG,0.0,9.0
1.0,4.0,GMB,UOL,0.0,4.0
1.0,4.0,ROC, EL,0.0,6.0
1.0,4.0,SK ,ROC,1.0,18.0
1.0,4.0,T8 , GV,0.0,4.0
1.0,4.0,TL ,TSM,0.0,12.0
1.0,4.0,UOL, SK,0.0,13.0
1.0,4.0,GIA,GMB,0.0,6.0
1.0,4.0,GV , T8,1.0,18.0
1.0,4.0,ROC, SK,0.0,4.0
1.0,4.0,T8 ,TDK,1.0,23.0
1.0,4.0,TL ,DIG,0.0,14.0
1.0,4.0,UOL,GMB,1.0,22.0
1.0,4.0,GIA,H2K,0.0,2.0
1.0,4.0,GV ,TSM,0.0,10.0
1.0,4.0,OG ,FNC,0.0,6.0
1.0,4.0,TDK,CLG,0.0,11.0
1.0,4.0,TSM, TL,1.0,11.0
1.0,4.0,FNC, OG,1.0,22.0
1.0,4.0,H2K, CW,1.0,21.0
1.0,4.0,OG , EL,1.0,24.0
1.0,4.0,TDK, T8,0.0,8.0
1.0,4.0,TSM, GV,1.0,21.0
1.0,4.0,FNC, CW,1.0,20.0
1.0,4.0,H2K,GIA,1.0,18.0
1.0,4.0,TIP,DIG,0.0,9.0
1.0,5.0,TSM, T8,1.0,17.0
1.0,5.0,FNC,H2K,1.0,21.0
1.0,5.0,H2K,FNC,0.0,4.0
1.0,5.0,OG , CW,1.0,17.0
1.0,5.0,TDK,DIG,1.0,15.0
1.0,5.0,TSM,CLG,1.0,19.0
1.0,5.0,FNC,GMB,1.0,19.0
1.0,5.0,H2K, SK,0.0,5.0
1.0,5.0,TIP, GV,0.0,12.0
1.0,5.0,C9 ,TDK,1.0,18.0
1.0,5.0,CW ,ROC,0.0,4.0
1.0,5.0,TIP, C9,1.0,19.0
1.0,5.0,C9 ,TIP,0.0,6.0
1.0,5.0,CW , OG,0.0,5.0
1.0,5.0,NME,DIG,0.0,2.0
1.0,5.0,CLG, TL,0.0,3.0
1.0,5.0,DIG,NME,1.0,19.0
1.0,5.0,EL , SK,1.0,20.0
1.0,5.0,GMB, OG,0.0,6.0
1.0,5.0,NME, T8,0.0,16.0
1.0,5.0,SK , EL,0.0,16.0
1.0,5.0,CLG,TSM,0.0,5.0
1.0,5.0,DIG,TDK,0.0,8.0
1.0,5.0,EL ,GIA,1.0,20.0
1.0,5.0,GMB,FNC,0.0,9.0
1.0,5.0,ROC, CW,1.0,20.0
1.0,5.0,SK ,H2K,1.0,22.0
1.0,5.0,T8 ,TSM,0.0,9.0
1.0,5.0,TL ,CLG,1.0,19.0
1.0,5.0,UOL,GIA,0.0,13.0
1.0,5.0,GIA,UOL,1.0,12.0
1.0,5.0,GV ,TIP,1.0,12.0
1.0,5.0,ROC,UOL,1.0,21.0
1.0,5.0,T8 ,NME,1.0,16.0
1.0,5.0,TL , GV,0.0,8.0
1.0,5.0,UOL,ROC,0.0,5.0
1.0,5.0,GIA, EL,0.0,4.0
1.0,5.0,GV , TL,1.0,18.0
1.0,5.0,OG ,GMB,1.0,20.0
1.0,5.0,TDK, C9,0.0,3.0
1.0,6.0,UOL, OG,1.0,20.0
1.0,6.0,GIA,FNC,0.0,15.0
1.0,6.0,GV ,CLG,1.0,15.0
1.0,6.0,ROC,GMB,0.0,8.0
1.0,6.0,T8 , C9,1.0,20.0
1.0,6.0,TL ,DIG,1.0,16.0
1.0,6.0,UOL,H2K,0.0,3.0
1.0,6.0,GIA, SK,1.0,17.0
1.0,6.0,GV ,TSM,1.0,22.0
1.0,6.0,OG ,UOL,0.0,12.0
1.0,6.0,TDK,TSM,0.0,9.0
1.0,6.0,TSM,TDK,1.0,19.0
1.0,6.0,FNC,GIA,1.0,19.0
1.0,6.0,H2K, EL,1.0,17.0
1.0,6.0,OG , EL,1.0,17.0
1.0,6.0,TDK,NME,0.0,12.0
1.0,6.0,TSM, GV,0.0,3.0
1.0,6.0,FNC, CW,1.0,20.0
1.0,6.0,H2K,UOL,1.0,22.0
1.0,6.0,TIP,NME,1.0,17.0
1.0,6.0,C9 , TL,0.0,9.0
1.0,6.0,CW ,GMB,0.0,8.0
1.0,6.0,TIP,CLG,1.0,15.0
1.0,6.0,C9 , T8,0.0,6.0
1.0,6.0,CW ,FNC,0.0,3.0
1.0,6.0,NME,TIP,0.0,2.0
1.0,6.0,CLG, GV,0.0,6.0
1.0,6.0,DIG, T8,1.0,15.0
1.0,6.0,EL ,H2K,0.0,8.0
1.0,6.0,GMB, CW,1.0,17.0
1.0,6.0,NME,TDK,1.0,17.0
1.0,6.0,SK ,ROC,0.0,22.0
1.0,6.0,CLG,TIP,0.0,15.0
1.0,6.0,DIG, TL,0.0,2.0
1.0,6.0,EL , OG,0.0,2.0
1.0,6.0,GMB,ROC,1.0,18.0
1.0,6.0,ROC, SK,1.0,11.0
1.0,6.0,SK ,GIA,0.0,15.0
1.0,6.0,T8 ,DIG,0.0,5.0
1.0,6.0,TL , C9,1.0,20.0
1.0,7.0,CLG,NME,1.0,21.0
1.0,7.0,DIG,TIP,0.0,4.0
1.0,7.0,EL ,ROC,1.0,18.0
1.0,7.0,GMB, SK,1.0,21.0
1.0,7.0,NME, GV,0.0,3.0
1.0,7.0,SK ,GMB,0.0,2.0
1.0,7.0,CLG,TDK,1.0,17.0
1.0,7.0,DIG, C9,0.0,1.0
1.0,7.0,EL ,UOL,0.0,8.0
1.0,7.0,GMB,GIA,0.0,3.0
1.0,7.0,ROC, EL,0.0,10.0
1.0,7.0,SK , CW,1.0,17.0
1.0,7.0,T8 ,TSM,1.0,22.0
1.0,7.0,TL ,TDK,1.0,20.0
1.0,7.0,UOL, CW,1.0,21.0
1.0,7.0,GIA, OG,0.0,7.0
1.0,7.0,GV , C9,1.0,23.0
1.0,7.0,ROC,H2K,1.0,13.0
1.0,7.0,T8 ,TIP,0.0,10.0
1.0,7.0,TL ,TSM,1.0,20.0
1.0,7.0,UOL, EL,1.0,15.0
1.0,7.0,GIA,GMB,1.0,23.0
1.0,7.0,GV ,NME,1.0,18.0
1.0,7.0,OG ,GIA,1.0,17.0
1.0,7.0,TDK, TL,0.0,4.0
1.0,7.0,TSM, T8,0.0,3.0
1.0,7.0,FNC,H2K,1.0,16.0
1.0,7.0,H2K,FNC,0.0,11.0
1.0,7.0,OG ,FNC,0.0,12.0
1.0,7.0,TDK,CLG,0.0,11.0
1.0,7.0,TSM, TL,0.0,7.0
1.0,7.0,FNC, OG,1.0,17.0
1.0,7.0,H2K,ROC,0.0,12.0
1.0,7.0,TIP,DIG,1.0,17.0
1.0,7.0,C9 , GV,0.0,4.0
1.0,7.0,CW ,UOL,0.0,3.0
1.0,7.0,TIP, T8,1.0,13.0
1.0,7.0,C9 ,DIG,1.0,18.0
1.0,7.0,CW , SK,0.0,2.0
1.0,7.0,NME,CLG,0.0,3.0
1.0,8.0,C9 ,NME,1.0,19.0
1.0,8.0,CW , EL,0.0,8.0
1.0,8.0,TIP,TDK,1.0,19.0
1.0,8.0,C9 ,CLG,0.0,12.0
1.0,8.0,CW ,H2K,1.0,22.0
1.0,8.0,NME, C9,0.0,1.0
1.0,8.0,CLG, TL,1.0,17.0
1.0,8.0,DIG, GV,1.0,19.0
1.0,8.0,EL , CW,1.0,20.0
1.0,8.0,GMB, OG,1.0,19.0
1.0,8.0,NME, TL,0.0,1.0
1.0,8.0,SK ,UOL,1.0,20.0
1.0,8.0,CLG, C9,1.0,19.0
1.0,8.0,DIG,TSM,0.0,3.0
1.0,8.0,EL ,FNC,0.0,6.0
1.0,8.0,GMB,UOL,0.0,5.0
1.0,8.0,ROC,FNC,0.0,5.0
1.0,8.0,SK , OG,0.0,3.0
1.0,8.0,T8 ,TDK,1.0,22.0
1.0,8.0,TL ,CLG,0.0,4.0
1.0,8.0,UOL, SK,0.0,2.0
1.0,8.0,GIA,H2K,0.0,2.0
1.0,8.0,GV ,DIG,0.0,16.0
1.0,8.0,ROC,GIA,1.0,20.0
1.0,8.0,T8 , GV,0.0,10.0
1.0,8.0,TL ,NME,1.0,22.0
1.0,8.0,UOL,GMB,1.0,19.0
1.0,8.0,GIA,ROC,0.0,8.0
1.0,8.0,GV , T8,1.0,21.0
1.0,8.0,OG ,GMB,0.0,7.0
1.0,8.0,TDK, T8,0.0,10.0
1.0,8.0,TSM,TIP,0.0,9.0
1.0,8.0,FNC,ROC,1.0,22.0
1.0,8.0,H2K,GIA,1.0,20.0
1.0,8.0,OG , SK,1.0,23.0
1.0,8.0,TDK,TIP,0.0,5.0
1.0,8.0,TSM,DIG,1.0,21.0
1.0,8.0,FNC, EL,1.0,20.0
1.0,8.0,H2K, CW,0.0,13.0
1.0,8.0,TIP,TSM,1.0,18.0
1.0,9.0,TSM,NME,1.0,19.0
1.0,9.0,FNC, SK,1.0,20.0
1.0,9.0,H2K, OG,0.0,5.0
1.0,9.0,OG ,ROC,0.0,9.0
1.0,9.0,TDK, GV,1.0,20.0
1.0,9.0,TSM, C9,0.0,7.0
1.0,9.0,FNC,UOL,1.0,17.0
1.0,9.0,H2K,GMB,1.0,17.0
1.0,9.0,TIP, GV,1.0,19.0
1.0,9.0,C9 ,TDK,0.0,6.0
1.0,9.0,CW ,ROC,1.0,15.0
1.0,9.0,TIP, TL,0.0,15.0
1.0,9.0,C9 ,TSM,1.0,15.0
1.0,9.0,CW ,GIA,0.0,11.0
1.0,9.0,NME,TSM,0.0,17.0
1.0,9.0,CLG,DIG,1.0,22.0
1.0,9.0,DIG,CLG,0.0,1.0
1.0,9.0,EL ,GMB,1.0,21.0
1.0,9.0,GMB, EL,0.0,17.0
1.0,9.0,NME,DIG,0.0,4.0
1.0,9.0,SK ,FNC,0.0,7.0
1.0,9.0,CLG, T8,1.0,19.0
1.0,9.0,DIG,NME,1.0,19.0
1.0,9.0,EL , SK,0.0,14.0
1.0,9.0,GMB,H2K,0.0,7.0
1.0,9.0,ROC, CW,0.0,9.0
1.0,9.0,SK , EL,1.0,18.0
1.0,9.0,T8 , TL,0.0,8.0
1.0,9.0,TL , T8,1.0,15.0
1.0,9.0,UOL,GIA,1.0,13.0
1.0,9.0,GIA,UOL,0.0,15.0
1.0,9.0,GV ,TIP,0.0,6.0
1.0,9.0,ROC, OG,1.0,18.0
1.0,9.0,T8 ,CLG,0.0,4.0
1.0,9.0,TL ,TIP,1.0,23.0
1.0,9.0,UOL,FNC,0.0,4.0
1.0,9.0,GIA, CW,1.0,17.0
1.0,9.0,GV ,TDK,0.0,3.0
1.0,9.0,OG ,H2K,1.0,22.0
1.0,9.0,TDK, C9,1.0,19.0
2.0,1.0,FOX,TIP,1.0,17.0
2.0,1.0,IMT, C9,1.0,19.0
2.0,1.0,FOX, C9,0.0,2.0
2.0,1.0,IMT,TIP,1.0,18.0
2.0,1.0,REN, TL,1.0,26.0
2.0,1.0,G2 , EL,1.0,18.0
2.0,1.0,REN,NRG,0.0,5.0
2.0,1.0,G2 ,ROC,1.0,17.0
2.0,1.0,NRG,DIG,1.0,21.0
2.0,1.0,VIT,ROC,0.0,5.0
2.0,1.0,NRG,REN,1.0,18.0
2.0,1.0,SPY,UOL,0.0,2.0
2.0,1.0,VIT,FNC,1.0,22.0
2.0,1.0,SPY, EL,0.0,5.0
2.0,2.0,VIT,SPY,1.0,21.0
2.0,2.0,NRG,IMT,0.0,5.0
2.0,2.0,SPY,VIT,0.0,4.0
2.0,2.0,VIT, OG,1.0,12.0
2.0,2.0,SPY,ROC,1.0,16.0
2.0,2.0,FOX,NRG,0.0,0.0
2.0,2.0,IMT,TSM,1.0,18.0
2.0,2.0,FOX, TL,0.0,17.0
2.0,2.0,IMT,NRG,1.0,19.0
2.0,2.0,REN,DIG,0.0,12.0
2.0,2.0,G2 ,GIA,1.0,16.0
2.0,2.0,REN,TIP,0.0,8.0
2.0,2.0,G2 ,H2K,0.0,5.0
2.0,2.0,NRG,FOX,1.0,0.0
2.0,3.0,G2 ,FNC,1.0,18.0
2.0,3.0,REN,CLG,0.0,2.0
2.0,3.0,G2 ,UOL,1.0,19.0
2.0,3.0,NRG, TL,0.0,2.0
2.0,3.0,VIT,H2K,0.0,3.0
2.0,3.0,NRG,TSM,1.0,16.0
2.0,3.0,SPY,GIA,1.0,18.0
2.0,3.0,VIT,GIA,1.0,18.0
2.0,3.0,SPY,FNC,0.0,6.0
2.0,3.0,FOX,CLG,0.0,2.0
2.0,3.0,IMT,REN,1.0,18.0
2.0,3.0,FOX,IMT,0.0,1.0
2.0,3.0,IMT,FOX,1.0,15.0
2.0,3.0,REN,IMT,0.0,3.0
2.0,4.0,REN, C9,0.0,3.0
2.0,4.0,G2 , OG,1.0,20.0
2.0,4.0,REN,TSM,0.0,13.0
2.0,4.0,G2 ,SPY,1.0,21.0
2.0,4.0,NRG,TIP,1.0,17.0
2.0,4.0,VIT, EL,1.0,19.0
2.0,4.0,NRG, C9,0.0,3.0
2.0,4.0,SPY,H2K,0.0,2.0
2.0,4.0,VIT,UOL,0.0,11.0
2.0,4.0,SPY, G2,0.0,2.0
2.0,4.0,FOX,TSM,0.0,7.0
2.0,4.0,IMT,CLG,1.0,19.0
2.0,4.0,FOX,DIG,0.0,14.0
2.0,4.0,IMT, TL,1.0,18.0
2.0,5.0,FOX,REN,1.0,20.0
2.0,5.0,IMT,DIG,1.0,18.0
2.0,5.0,FOX,NRG,1.0,19.0
2.0,5.0,IMT, C9,1.0,21.0
2.0,5.0,REN,FOX,0.0,4.0
2.0,5.0,G2 ,VIT,0.0,5.0
2.0,5.0,REN, TL,0.0,1.0
2.0,5.0,G2 ,H2K,1.0,15.0
2.0,5.0,NRG,CLG,0.0,9.0
2.0,5.0,VIT, G2,1.0,17.0
2.0,5.0,NRG,FOX,0.0,5.0
2.0,5.0,SPY, OG,0.0,4.0
2.0,5.0,VIT, OG,1.0,20.0
2.0,5.0,SPY,GIA,1.0,12.0
2.0,6.0,VIT,H2K,1.0,23.0
2.0,6.0,NRG, C9,0.0,6.0
2.0,6.0,SPY,ROC,0.0,7.0
2.0,6.0,VIT,UOL,1.0,17.0
2.0,6.0,SPY,FNC,1.0,17.0
2.0,6.0,FOX, TL,1.0,20.0
2.0,6.0,IMT,REN,1.0,16.0
2.0,6.0,FOX,TIP,1.0,18.0
2.0,6.0,IMT, TL,1.0,19.0
2.0,6.0,REN,IMT,0.0,7.0
2.0,6.0,G2 ,FNC,0.0,10.0
2.0,6.0,REN,CLG,0.0,5.0
2.0,6.0,G2 ,ROC,1.0,19.0
2.0,6.0,NRG,DIG,1.0,18.0
2.0,7.0,G2 , EL,1.0,11.0
2.0,7.0,REN,DIG,1.0,15.0
2.0,7.0,G2 , OG,1.0,20.0
2.0,7.0,NRG,REN,1.0,20.0
2.0,7.0,VIT,GIA,1.0,18.0
2.0,7.0,NRG,TIP,0.0,4.0
2.0,7.0,SPY, OG,0.0,6.0
2.0,7.0,VIT, EL,1.0,19.0
2.0,7.0,SPY,UOL,0.0,6.0
2.0,7.0,FOX,TSM,0.0,4.0
2.0,7.0,IMT,CLG,0.0,8.0
2.0,7.0,FOX,IMT,0.0,4.0
2.0,7.0,IMT,FOX,1.0,20.0
2.0,7.0,REN,NRG,0.0,7.0
2.0,8.0,REN, C9,0.0,14.0
2.0,8.0,G2 ,VIT,1.0,20.0
2.0,8.0,REN,TSM,1.0,18.0
2.0,8.0,G2 ,GIA,1.0,17.0
2.0,8.0,NRG,IMT,0.0,6.0
2.0,8.0,VIT, G2,0.0,8.0
2.0,8.0,NRG, TL,1.0,21.0
2.0,8.0,SPY, EL,1.0,16.0
2.0,8.0,VIT,FNC,1.0,18.0
2.0,8.0,SPY,H2K,0.0,3.0
2.0,8.0,FOX,DIG,1.0,12.0
2.0,8.0,IMT,NRG,1.0,19.0
2.0,8.0,FOX,CLG,0.0,7.0
2.0,8.0,IMT,DIG,1.0,17.0
2.0,9.0,FOX, C9,0.0,2.0
2.0,9.0,IMT,TSM,1.0,17.0
2.0,9.0,FOX,REN,0.0,9.0
2.0,9.0,IMT,TIP,1.0,18.0
2.0,9.0,REN,TIP,1.0,20.0
2.0,9.0,G2 ,SPY,1.0,21.0
2.0,9.0,REN,FOX,1.0,13.0
2.0,9.0,G2 ,UOL,1.0,18.0
2.0,9.0,NRG,CLG,0.0,0.0
2.0,9.0,VIT,ROC,0.0,10.0
2.0,9.0,NRG,TSM,1.0,18.0
2.0,9.0,SPY, G2,0.0,9.0
2.0,9.0,VIT,SPY,1.0,19.0
2.0,9.0,SPY,VIT,0.0,0.0
2.0,10.0,UOL,SPY,1.0,19.0
2.0,10.0,GIA,H2K,0.0,5.0
2.0,10.0,ROC, G2,0.0,7.0
2.0,10.0,TL ,TSM,0.0,13.0
2.0,10.0,UOL,GIA,1.0,22.0
2.0,10.0,GIA,UOL,0.0,4.0
2.0,10.0,OG ,FNC,0.0,3.0
2.0,10.0,TSM,CLG,0.0,5.0
2.0,10.0,FNC, OG,1.0,18.0
2.0,10.0,H2K,GIA,1.0,17.0
2.0,10.0,OG ,H2K,0.0,4.0
2.0,10.0,TSM, TL,1.0,12.0
2.0,10.0,FNC,VIT,0.0,2.0
2.0,10.0,H2K, OG,1.0,19.0
2.0,10.0,TIP,FOX,0.0,5.0
2.0,10.0,C9 ,IMT,0.0,3.0
2.0,10.0,TIP,IMT,0.0,0.0
2.0,10.0,C9 ,FOX,1.0,20.0
2.0,10.0,CLG,TSM,1.0,23.0
2.0,10.0,DIG,NRG,0.0,7.0
2.0,10.0,EL , G2,0.0,3.0
2.0,10.0,CLG,DIG,0.0,6.0
2.0,10.0,DIG,CLG,1.0,17.0
2.0,10.0,EL ,SPY,1.0,18.0
2.0,10.0,ROC,VIT,1.0,19.0
2.0,10.0,TL ,REN,0.0,9.0
2.0,11.0,CLG, TL,1.0,18.0
2.0,11.0,DIG,REN,1.0,16.0
2.0,11.0,EL ,ROC,1.0,17.0
2.0,11.0,CLG, C9,0.0,1.0
2.0,11.0,DIG,TSM,0.0,2.0
2.0,11.0,EL ,GIA,1.0,19.0
2.0,11.0,ROC, EL,0.0,10.0
2.0,11.0,TL ,CLG,0.0,4.0
2.0,11.0,UOL, OG,0.0,2.0
2.0,11.0,GIA, G2,0.0,11.0
2.0,11.0,ROC,SPY,0.0,5.0
2.0,11.0,TL ,FOX,1.0,16.0
2.0,11.0,UOL,FNC,1.0,24.0
2.0,11.0,GIA, EL,0.0,6.0
2.0,11.0,OG ,UOL,1.0,20.0
2.0,11.0,TSM,IMT,0.0,7.0
2.0,11.0,FNC,H2K,1.0,19.0
2.0,11.0,H2K,FNC,0.0,9.0
2.0,11.0,OG ,VIT,0.0,11.0
2.0,11.0,TSM,DIG,1.0,18.0
2.0,11.0,FNC,UOL,0.0,7.0
2.0,11.0,H2K, G2,1.0,19.0
2.0,11.0,TIP, C9,1.0,16.0
2.0,11.0,C9 ,TIP,0.0,5.0
2.0,11.0,TIP,REN,1.0,19.0
2.0,11.0,C9 ,CLG,1.0,18.0
2.0,12.0,C9 ,TSM,0.0,10.0
2.0,12.0,TIP, TL,0.0,6.0
2.0,12.0,C9 ,DIG,1.0,13.0
2.0,12.0,CLG,FOX,1.0,19.0
2.0,12.0,DIG,TIP,0.0,10.0
2.0,12.0,EL ,UOL,0.0,2.0
2.0,12.0,CLG,REN,1.0,18.0
2.0,12.0,DIG, C9,0.0,6.0
2.0,12.0,EL , OG,0.0,7.0
2.0,12.0,ROC, OG,0.0,5.0
2.0,12.0,TL ,NRG,1.0,17.0
2.0,12.0,UOL, EL,1.0,21.0
2.0,12.0,GIA,SPY,0.0,5.0
2.0,12.0,ROC,H2K,0.0,8.0
2.0,12.0,TL ,TIP,1.0,15.0
2.0,12.0,UOL, G2,0.0,8.0
2.0,12.0,GIA,VIT,0.0,3.0
2.0,12.0,OG ,ROC,1.0,19.0
2.0,12.0,TSM, C9,1.0,17.0
2.0,12.0,FNC, G2,0.0,3.0
2.0,12.0,H2K,VIT,1.0,15.0
2.0,12.0,OG , EL,1.0,13.0
2.0,12.0,TSM,NRG,0.0,5.0
2.0,12.0,FNC,SPY,1.0,21.0
2.0,12.0,H2K,ROC,1.0,17.0
2.0,12.0,TIP,DIG,1.0,14.0
2.0,13.0,TSM,FOX,1.0,15.0
2.0,13.0,FNC,GIA,1.0,17.0
2.0,13.0,H2K,SPY,1.0,19.0
2.0,13.0,OG ,GIA,1.0,18.0
2.0,13.0,TSM,REN,1.0,18.0
2.0,13.0,FNC,ROC,1.0,12.0
2.0,13.0,H2K, EL,1.0,14.0
2.0,13.0,TIP,NRG,0.0,10.0
2.0,13.0,C9 ,REN,1.0,15.0
2.0,13.0,TIP,CLG,0.0,2.0
2.0,13.0,C9 ,NRG,1.0,23.0
2.0,13.0,CLG,IMT,0.0,5.0
2.0,13.0,DIG, TL,0.0,4.0
2.0,13.0,EL ,VIT,0.0,3.0
2.0,13.0,CLG,TIP,1.0,16.0
2.0,13.0,DIG,FOX,1.0,13.0
2.0,13.0,EL ,H2K,0.0,9.0
2.0,13.0,ROC,UOL,0.0,4.0
2.0,13.0,TL ,DIG,1.0,19.0
2.0,13.0,UOL,ROC,1.0,20.0
2.0,13.0,GIA,FNC,0.0,1.0
2.0,13.0,ROC,FNC,0.0,23.0
2.0,13.0,TL ,IMT,0.0,4.0
2.0,13.0,UOL,VIT,1.0,21.0
2.0,13.0,GIA, OG,0.0,4.0
2.0,13.0,OG , G2,0.0,6.0
2.0,14.0,UOL,H2K,0.0,10.0
2.0,14.0,GIA,ROC,1.0,14.0
2.0,14.0,ROC, EL,0.0,5.0
2.0,14.0,TL ,REN,1.0,19.0
2.0,14.0,UOL,FNC,1.0,22.0
2.0,14.0,GIA,SPY,0.0,7.0
2.0,14.0,OG ,SPY,1.0,22.0
2.0,14.0,TSM,TIP,1.0,17.0
2.0,14.0,FNC, EL,1.0,21.0
2.0,14.0,H2K,UOL,1.0,20.0
2.0,14.0,OG ,VIT,0.0,1.0
2.0,14.0,TSM,CLG,1.0,18.0
2.0,14.0,FNC,UOL,0.0,8.0
2.0,14.0,H2K, G2,0.0,9.0
2.0,14.0,TIP,TSM,0.0,7.0
2.0,14.0,C9 , TL,1.0,19.0
2.0,14.0,TIP,DIG,1.0,17.0
2.0,14.0,C9 ,IMT,0.0,1.0
2.0,14.0,CLG,NRG,1.0,17.0
2.0,14.0,DIG,IMT,0.0,3.0
2.0,14.0,EL ,FNC,0.0,4.0
2.0,14.0,CLG,TSM,0.0,3.0
2.0,14.0,DIG,TIP,0.0,7.0
2.0,14.0,EL ,ROC,1.0,15.0
2.0,14.0,ROC,GIA,0.0,9.0
2.0,14.0,TL , C9,0.0,4.0
2.0,15.0,CLG,TIP,1.0,20.0
2.0,15.0,DIG,NRG,0.0,7.0
2.0,15.0,EL , OG,0.0,10.0
2.0,15.0,CLG,REN,1.0,17.0
2.0,15.0,DIG,TSM,1.0,17.0
2.0,15.0,EL ,GIA,0.0,10.0
2.0,15.0,ROC,SPY,1.0,17.0
2.0,15.0,TL ,FOX,0.0,8.0
2.0,15.0,UOL,GIA,1.0,17.0
2.0,15.0,GIA,UOL,0.0,7.0
2.0,15.0,ROC, G2,0.0,2.0
2.0,15.0,TL ,IMT,0.0,2.0
2.0,15.0,UOL,VIT,0.0,5.0
2.0,15.0,GIA, EL,1.0,12.0
2.0,15.0,OG , EL,1.0,16.0
2.0,15.0,TSM, C9,0.0,16.0
2.0,15.0,FNC, G2,1.0,12.0
2.0,15.0,H2K,VIT,0.0,9.0
2.0,15.0,OG ,H2K,0.0,9.0
2.0,15.0,TSM,DIG,0.0,9.0
2.0,15.0,FNC,SPY,0.0,4.0
2.0,15.0,H2K, OG,1.0,18.0
2.0,15.0,TIP,CLG,0.0,5.0
2.0,15.0,C9 ,TSM,1.0,12.0
2.0,15.0,TIP,FOX,0.0,5.0
2.0,15.0,C9 ,NRG,1.0,17.0
2.0,16.0,C9 ,DIG,1.0,20.0
2.0,16.0,TIP,NRG,1.0,22.0
2.0,16.0,C9 ,CLG,0.0,12.0
2.0,16.0,CLG,IMT,1.0,17.0
2.0,16.0,DIG, C9,0.0,2.0
2.0,16.0,EL , G2,0.0,11.0
2.0,16.0,CLG, C9,1.0,17.0
2.0,16.0,DIG,REN,0.0,14.0
2.0,16.0,EL ,VIT,0.0,5.0
2.0,16.0,ROC,UOL,1.0,19.0
2.0,16.0,TL ,TIP,1.0,20.0
2.0,16.0,UOL,ROC,0.0,4.0
2.0,16.0,GIA,VIT,0.0,2.0
2.0,16.0,ROC,FNC,0.0,6.0
2.0,16.0,TL ,TSM,1.0,21.0
2.0,16.0,UOL,SPY,1.0,17.0
2.0,16.0,GIA,H2K,0.0,13.0
2.0,16.0,OG ,SPY,1.0,18.0
2.0,16.0,TSM,FOX,1.0,18.0
2.0,16.0,FNC,H2K,0.0,5.0
2.0,16.0,H2K,FNC,1.0,16.0
2.0,16.0,OG , G2,0.0,9.0
2.0,16.0,TSM, TL,0.0,2.0
2.0,16.0,FNC,ROC,1.0,18.0
2.0,16.0,H2K,GIA,1.0,19.0
2.0,16.0,TIP, TL,0.0,1.0
2.0,17.0,TSM,TIP,1.0,17.0
2.0,17.0,FNC,GIA,1.0,19.0
2.0,17.0,H2K,ROC,1.0,16.0
2.0,17.0,OG ,ROC,1.0,20.0
2.0,17.0,TSM,REN,0.0,5.0
2.0,17.0,FNC,VIT,0.0,11.0
2.0,17.0,H2K,SPY,1.0,20.0
2.0,17.0,TIP,TSM,0.0,7.0
2.0,17.0,C9 ,REN,1.0,19.0
2.0,17.0,TIP, C9,0.0,3.0
2.0,17.0,C9 ,TIP,1.0,17.0
2.0,17.0,CLG, TL,0.0,5.0
2.0,17.0,DIG,FOX,0.0,27.0
2.0,17.0,EL ,SPY,0.0,16.0
2.0,17.0,CLG,FOX,1.0,18.0
2.0,17.0,DIG,IMT,0.0,15.0
2.0,17.0,EL ,UOL,1.0,17.0
2.0,17.0,ROC,H2K,0.0,7.0
2.0,17.0,TL ,CLG,1.0,19.0
2.0,17.0,UOL, OG,0.0,7.0
2.0,17.0,GIA,FNC,0.0,0.0
2.0,17.0,ROC, OG,0.0,15.0
2.0,17.0,TL ,NRG,0.0,2.0
2.0,17.0,UOL, EL,0.0,8.0
2.0,17.0,GIA, G2,0.0,4.0
2.0,17.0,OG ,UOL,1.0,17.0
2.0,18.0,UOL,H2K,1.0,11.0
2.0,18.0,GIA, OG,0.0,1.0
2.0,18.0,ROC,GIA,0.0,5.0
2.0,18.0,TL , C9,1.0,21.0
2.0,18.0,UOL, G2,0.0,9.0
2.0,18.0,GIA,ROC,1.0,16.0
2.0,18.0,OG ,GIA,1.0,19.0
2.0,18.0,TSM,IMT,0.0,4.0
2.0,18.0,FNC, EL,0.0,4.0
2.0,18.0,H2K,UOL,0.0,15.0
2.0,18.0,OG ,FNC,1.0,19.0
2.0,18.0,TSM,NRG,0.0,11.0
2.0,18.0,FNC, OG,0.0,2.0
2.0,18.0,H2K, EL,1.0,15.0
2.0,18.0,TIP,REN,0.0,5.0
2.0,18.0,C9 ,FOX,1.0,18.0
2.0,18.0,TIP,IMT,0.0,2.0
2.0,18.0,C9 , TL,0.0,5.0
2.0,18.0,CLG,NRG,1.0,21.0
2.0,18.0,DIG, TL,0.0,4.0
2.0,18.0,EL ,FNC,1.0,19.0
2.0,18.0,CLG,DIG,1.0,19.0
2.0,18.0,DIG,CLG,0.0,3.0
2.0,18.0,EL ,H2K,0.0,3.0
2.0,18.0,ROC,VIT,1.0,17.0
2.0,18.0,TL ,DIG,1.0,21.0
3.0,1.0,APX,NRG,1.0,22.0
3.0,1.0,APX,CLG,1.0,18.0
3.0,1.0,NV ,NRG,1.0,20.0
3.0,1.0,NV , TL,1.0,21.0
3.0,1.0,P1 ,FOX,0.0,9.0
3.0,1.0,P1 ,IMT,0.0,6.0
3.0,1.0,S04,UOL,1.0,22.0
3.0,1.0,S04,H2K,,14.0
3.0,2.0,P1 , NV,0.0,10.0
3.0,2.0,S04,SPY,0.0,6.0
3.0,2.0,S04, OG,,18.0
3.0,2.0,APX, NV,0.0,21.0
3.0,2.0,APX,TSM,0.0,5.0
3.0,2.0,NV ,APX,1.0,21.0
3.0,2.0,NV , P1,1.0,20.0
3.0,2.0,P1 , C9,0.0,22.0
3.0,3.0,P1 , TL,0.0,5.0
3.0,3.0,P1 ,APX,0.0,23.0
3.0,3.0,S04,FNC,0.0,12.0
3.0,3.0,S04,ROC,1.0,18.0
3.0,3.0,APX, P1,1.0,22.0
3.0,3.0,APX, C9,0.0,18.0
3.0,3.0,NV ,IMT,0.0,17.0
3.0,3.0,NV ,CLG,1.0,22.0
3.0,4.0,NV ,TSM,0.0,4.0
3.0,4.0,P1 ,NRG,0.0,10.0
3.0,4.0,P1 ,CLG,0.0,9.0
3.0,4.0,S04, G2,,18.0
3.0,4.0,S04,GIA,1.0,20.0
3.0,4.0,APX, TL,0.0,4.0
3.0,4.0,APX,FOX,1.0,22.0
3.0,4.0,NV , C9,0.0,11.0
3.0,5.0,APX,IMT,0.0,5.0
3.0,5.0,APX, P1,0.0,18.0
3.0,5.0,NV ,FOX,1.0,22.0
3.0,5.0,NV , TL,0.0,9.0
3.0,5.0,P1 ,TSM,0.0,5.0
3.0,5.0,P1 ,APX,1.0,21.0
3.0,5.0,S04,VIT,,17.0
3.0,5.0,S04,UOL,,18.0
3.0,6.0,P1 ,CLG,0.0,19.0
3.0,6.0,S04,H2K,0.0,13.0
3.0,6.0,S04,SPY,0.0,5.0
3.0,6.0,APX,NRG,1.0,23.0
3.0,6.0,APX,TSM,0.0,7.0
3.0,6.0,NV ,IMT,0.0,6.0
3.0,6.0,NV ,CLG,0.0,11.0
3.0,6.0,P1 ,FOX,1.0,23.0
3.0,7.0,P1 ,NRG,1.0,21.0
3.0,7.0,P1 , TL,0.0,5.0
3.0,7.0,S04, OG,,19.0
3.0,7.0,S04,FNC,,14.0
3.0,7.0,APX, C9,0.0,23.0
3.0,7.0,APX, NV,0.0,20.0
3.0,7.0,NV ,NRG,0.0,9.0
3.0,7.0,NV ,APX,1.0,19.0
3.0,8.0,NV ,TSM,0.0,2.0
3.0,8.0,P1 ,TSM,1.0,19.0
3.0,8.0,P1 , C9,0.0,8.0
3.0,8.0,S04,ROC,0.0,5.0
3.0,8.0,S04, G2,0.0,5.0
3.0,8.0,APX,FOX,1.0,19.0
3.0,8.0,APX,IMT,0.0,12.0
3.0,8.0,NV , C9,0.0,15.0
3.0,9.0,APX, TL,1.0,18.0
3.0,9.0,APX,CLG,1.0,22.0
3.0,9.0,NV , P1,0.0,18.0
3.0,9.0,NV ,FOX,1.0,16.0
3.0,9.0,P1 , NV,1.0,19.0
3.0,9.0,P1 ,IMT,0.0,19.0
3.0,9.0,S04,GIA,,19.0
3.0,9.0,S04,VIT,,16.0
3.0,10.0,VIT,SPY,,20.0
3.0,10.0,NRG,APX,0.0,7.0
3.0,10.0,SPY,VIT,,20.0
3.0,10.0,VIT,FNC,,19.0
3.0,10.0,SPY,ROC,,16.0
3.0,10.0,FOX, P1,1.0,23.0
3.0,10.0,IMT, C9,1.0,22.0
3.0,10.0,FOX, C9,0.0,14.0
3.0,10.0,IMT, P1,1.0,19.0
3.0,10.0,G2 , OG,1.0,20.0
3.0,10.0,G2 ,GIA,1.0,19.0
3.0,10.0,NRG, NV,0.0,23.0
3.0,11.0,G2 ,ROC,,15.0
3.0,11.0,G2 ,SPY,1.0,19.0
3.0,11.0,NRG,IMT,0.0,19.0
3.0,11.0,VIT, OG,,23.0
3.0,11.0,NRG,FOX,1.0,17.0
3.0,11.0,SPY,S04,1.0,19.0
3.0,11.0,VIT,ROC,0.0,15.0
3.0,11.0,SPY, G2,0.0,6.0
3.0,11.0,FOX,NRG,0.0,11.0
3.0,11.0,IMT,NRG,1.0,17.0
3.0,11.0,FOX, TL,0.0,7.0
3.0,11.0,IMT,TSM,0.0,15.0
3.0,12.0,G2 ,H2K,,20.0
3.0,12.0,G2 ,UOL,1.0,17.0
3.0,12.0,NRG, TL,0.0,11.0
3.0,12.0,VIT,UOL,1.0,17.0
3.0,12.0,NRG,TSM,0.0,4.0
3.0,12.0,SPY,GIA,1.0,19.0
3.0,12.0,VIT,H2K,0.0,8.0
3.0,12.0,SPY,FNC,0.0,7.0
3.0,12.0,FOX,CLG,0.0,3.0
3.0,12.0,IMT, NV,1.0,20.0
3.0,12.0,FOX,IMT,0.0,9.0
3.0,12.0,IMT,FOX,1.0,19.0
3.0,13.0,FOX,TSM,0.0,19.0
3.0,13.0,IMT,CLG,1.0,20.0
3.0,13.0,FOX,APX,0.0,5.0
3.0,13.0,IMT, TL,1.0,20.0
3.0,13.0,G2 ,S04,,21.0
3.0,13.0,G2 ,VIT,,17.0
3.0,13.0,NRG, P1,1.0,24.0
3.0,13.0,VIT,GIA,,20.0
3.0,13.0,NRG, C9,0.0,5.0
3.0,13.0,SPY,H2K,,20.0
3.0,13.0,VIT, G2,,21.0
3.0,13.0,SPY, OG,,19.0
3.0,14.0,VIT,S04,,19.0
3.0,14.0,NRG,FOX,1.0,20.0
3.0,14.0,SPY,UOL,,16.0
3.0,14.0,VIT,SPY,0.0,10.0
3.0,14.0,SPY,VIT,1.0,18.0
3.0,14.0,FOX, NV,0.0,16.0
3.0,14.0,IMT,APX,1.0,17.0
3.0,14.0,FOX,NRG,0.0,8.0
3.0,14.0,IMT, C9,1.0,19.0
3.0,14.0,G2 ,FNC,1.0,24.0
3.0,14.0,G2 , OG,,18.0
3.0,14.0,NRG,CLG,0.0,6.0
3.0,15.0,G2 ,GIA,,20.0
3.0,15.0,G2 ,ROC,1.0,17.0
3.0,15.0,NRG,APX,0.0,9.0
3.0,15.0,VIT,FNC,0.0,9.0
3.0,15.0,NRG, C9,0.0,10.0
3.0,15.0,SPY,ROC,1.0,21.0
3.0,15.0,VIT, OG,1.0,20.0
3.0,15.0,SPY,S04,1.0,20.0
3.0,15.0,FOX, P1,0.0,18.0
3.0,15.0,IMT, NV,1.0,18.0
3.0,15.0,FOX, TL,0.0,19.0
3.0,15.0,IMT, TL,1.0,20.0
3.0,16.0,G2 ,SPY,,18.0
3.0,16.0,G2 ,H2K,1.0,22.0
3.0,16.0,NRG, P1,0.0,19.0
3.0,16.0,VIT,ROC,1.0,22.0
3.0,16.0,NRG, NV,1.0,20.0
3.0,16.0,SPY, G2,,20.0
3.0,16.0,VIT,UOL,,14.0
3.0,16.0,SPY,GIA,1.0,20.0
3.0,16.0,FOX,TSM,0.0,7.0
3.0,16.0,IMT,CLG,1.0,17.0
3.0,16.0,FOX,IMT,0.0,6.0
3.0,16.0,IMT,FOX,1.0,18.0
3.0,17.0,FOX,APX,0.0,17.0
3.0,17.0,IMT,NRG,1.0,17.0
3.0,17.0,FOX,CLG,0.0,9.0
3.0,17.0,IMT,APX,1.0,19.0
3.0,17.0,G2 ,UOL,1.0,20.0
3.0,17.0,G2 ,S04,1.0,20.0
3.0,17.0,NRG,IMT,0.0,7.0
3.0,17.0,VIT,H2K,0.0,6.0
3.0,17.0,NRG, TL,0.0,6.0
3.0,17.0,SPY,FNC,1.0,20.0
3.0,17.0,VIT,GIA,0.0,3.0
3.0,17.0,SPY,H2K,1.0,17.0
3.0,18.0,VIT, G2,,17.0
3.0,18.0,NRG,TSM,0.0,21.0
3.0,18.0,SPY, OG,1.0,21.0
3.0,18.0,VIT,S04,,18.0
3.0,18.0,SPY,UOL,0.0,14.0
3.0,18.0,FOX, C9,0.0,9.0
3.0,18.0,IMT,TSM,0.0,12.0
3.0,18.0,FOX, NV,0.0,8.0
3.0,18.0,IMT, P1,1.0,21.0
3.0,18.0,G2 ,VIT,,16.0
3.0,18.0,G2 ,FNC,1.0,17.0
3.0,18.0,NRG,CLG,0.0,13.0
3.0,19.0,CLG,TSM,0.0,7.0
3.0,19.0,CLG,APX,0.0,18.0
3.0,19.0,ROC,H2K,,15.0
3.0,19.0,TL , NV,0.0,6.0
3.0,19.0,UOL,S04,0.0,4.0
3.0,19.0,GIA,FNC,0.0,6.0
3.0,19.0,ROC,SPY,,19.0
3.0,19.0,TL ,TSM,0.0,2.0
3.0,19.0,UOL, OG,1.0,20.0
3.0,19.0,GIA, G2,0.0,7.0
3.0,19.0,OG , G2,0.0,12.0
3.0,19.0,TSM,CLG,1.0,19.0
3.0,19.0,FNC,GIA,1.0,22.0
3.0,19.0,H2K,ROC,,20.0
3.0,19.0,OG ,UOL,0.0,3.0
3.0,19.0,TSM, TL,1.0,18.0
3.0,19.0,FNC,VIT,,19.0
3.0,19.0,H2K,S04,,17.0
3.0,19.0,C9 ,IMT,0.0,17.0
3.0,19.0,C9 ,FOX,1.0,20.0
3.0,20.0,C9 , P1,1.0,20.0
3.0,20.0,C9 ,CLG,1.0,19.0
3.0,20.0,CLG, TL,1.0,18.0
3.0,20.0,CLG, C9,0.0,4.0
3.0,20.0,ROC, G2,,17.0
3.0,20.0,TL ,CLG,0.0,19.0
3.0,20.0,UOL,FNC,0.0,10.0
3.0,20.0,GIA,H2K,0.0,14.0
3.0,20.0,ROC,VIT,1.0,16.0
3.0,20.0,TL ,FOX,1.0,23.0
3.0,20.0,UOL,GIA,0.0,5.0
3.0,20.0,GIA,UOL,1.0,21.0
3.0,20.0,OG ,VIT,,16.0
3.0,20.0,TSM,APX,1.0,21.0
3.0,20.0,FNC,UOL,1.0,19.0
3.0,20.0,H2K,GIA,1.0,14.0
3.0,20.0,OG ,S04,,23.0
3.0,20.0,TSM,IMT,1.0,21.0
3.0,20.0,FNC,H2K,0.0,9.0
3.0,20.0,H2K,FNC,1.0,22.0
3.0,21.0,TSM, C9,1.0,20.0
3.0,21.0,FNC,S04,1.0,22.0
3.0,21.0,H2K, G2,,15.0
3.0,21.0,OG ,GIA,0.0,16.0
3.0,21.0,TSM,NRG,1.0,22.0
3.0,21.0,FNC,SPY,1.0,23.0
3.0,21.0,H2K,VIT,1.0,20.0
3.0,21.0,C9 ,TSM,0.0,21.0
3.0,21.0,C9 ,APX,1.0,23.0
3.0,21.0,CLG,FOX,1.0,20.0
3.0,21.0,CLG, NV,0.0,15.0
3.0,21.0,ROC, OG,0.0,6.0
3.0,21.0,TL , P1,1.0,23.0
3.0,21.0,UOL,VIT,0.0,11.0
3.0,21.0,GIA,SPY,0.0,9.0
3.0,21.0,ROC,S04,0.0,14.0
3.0,21.0,TL ,NRG,1.0,18.0
3.0,21.0,UOL, G2,0.0,8.0
3.0,21.0,GIA, OG,1.0,23.0
3.0,21.0,OG ,ROC,1.0,22.0
3.0,22.0,UOL,ROC,,19.0
3.0,22.0,GIA,VIT,,22.0
3.0,22.0,ROC,FNC,0.0,8.0
3.0,22.0,TL ,IMT,0.0,3.0
3.0,22.0,UOL,H2K,1.0,19.0
3.0,22.0,GIA,S04,0.0,16.0
3.0,22.0,OG ,FNC,,23.0
3.0,22.0,TSM,FOX,1.0,21.0
3.0,22.0,FNC, OG,,23.0
3.0,22.0,H2K,SPY,,22.0
3.0,22.0,OG ,SPY,,22.0
3.0,22.0,TSM, NV,1.0,22.0
3.0,22.0,FNC,ROC,1.0,17.0
3.0,22.0,H2K,UOL,0.0,3.0
3.0,22.0,C9 , NV,1.0,17.0
3.0,22.0,C9 ,NRG,1.0,21.0
3.0,22.0,CLG,IMT,0.0,15.0
3.0,22.0,CLG, P1,1.0,19.0
3.0,22.0,ROC,UOL,,16.0
3.0,22.0,TL ,APX,1.0,24.0
3.0,23.0,CLG,NRG,1.0,19.0
3.0,23.0,CLG,TSM,0.0,6.0
3.0,23.0,ROC,GIA,0.0,7.0
3.0,23.0,TL , C9,1.0,20.0
3.0,23.0,UOL,SPY,,18.0
3.0,23.0,GIA,ROC,1.0,20.0
3.0,23.0,ROC,H2K,,20.0
3.0,23.0,TL , NV,1.0,16.0
3.0,23.0,UOL,S04,,19.0
3.0,23.0,GIA,FNC,1.0,23.0
3.0,23.0,OG ,H2K,,25.0
3.0,23.0,TSM, P1,1.0,16.0
3.0,23.0,FNC, G2,0.0,3.0
3.0,23.0,H2K, OG,,16.0
3.0,23.0,OG , G2,,29.0
3.0,23.0,TSM,CLG,1.0,17.0
3.0,23.0,FNC,GIA,0.0,2.0
3.0,23.0,H2K,ROC,,21.0
3.0,23.0,C9 , TL,0.0,21.0
3.0,23.0,C9 ,IMT,0.0,8.0
3.0,24.0,C9 ,TSM,0.0,5.0
3.0,24.0,C9 ,NRG,1.0,19.0
3.0,24.0,CLG, NV,1.0,21.0
3.0,24.0,CLG, P1,1.0,19.0
3.0,24.0,ROC,SPY,0.0,5.0
3.0,24.0,TL ,IMT,0.0,18.0
3.0,24.0,UOL, OG,1.0,24.0
3.0,24.0,GIA, G2,,24.0
3.0,24.0,ROC, G2,0.0,6.0
3.0,24.0,TL ,FOX,1.0,19.0
3.0,24.0,UOL,FNC,,13.0
3.0,24.0,GIA,H2K,1.0,20.0
3.0,24.0,OG ,UOL,0.0,7.0
3.0,24.0,TSM, C9,1.0,19.0
3.0,24.0,FNC,VIT,1.0,20.0
3.0,24.0,H2K,S04,1.0,21.0
3.0,24.0,OG ,VIT,0.0,10.0
3.0,24.0,TSM,APX,1.0,18.0
3.0,24.0,FNC,UOL,,19.0
3.0,24.0,H2K,GIA,0.0,7.0
3.0,25.0,TSM,FOX,1.0,18.0
3.0,25.0,FNC,H2K,1.0,18.0
3.0,25.0,H2K,FNC,0.0,7.0
3.0,25.0,OG ,ROC,1.0,24.0
3.0,25.0,TSM, TL,1.0,21.0
3.0,25.0,FNC,S04,,21.0
3.0,25.0,H2K, G2,0.0,4.0
3.0,25.0,C9 ,APX,1.0,18.0
3.0,25.0,C9 ,CLG,0.0,19.0
3.0,25.0,CLG,IMT,0.0,15.0
3.0,25.0,CLG, C9,1.0,21.0
3.0,25.0,ROC,VIT,0.0,16.0
3.0,25.0,TL , P1,1.0,18.0
3.0,25.0,UOL,GIA,1.0,19.0
3.0,25.0,GIA,UOL,0.0,3.0
3.0,25.0,ROC, OG,0.0,12.0
3.0,25.0,TL ,TSM,0.0,6.0
3.0,25.0,UOL,VIT,,20.0
3.0,25.0,GIA,SPY,0.0,5.0
3.0,25.0,OG ,S04,,16.0
3.0,26.0,UOL, G2,0.0,6.0
3.0,26.0,GIA, OG,1.0,20.0
3.0,26.0,ROC,UOL,0.0,5.0
3.0,26.0,TL ,NRG,1.0,18.0
3.0,26.0,UOL,ROC,1.0,20.0
3.0,26.0,GIA,VIT,1.0,18.0
3.0,26.0,OG ,GIA,0.0,6.0
3.0,26.0,TSM, P1,0.0,20.0
3.0,26.0,FNC,SPY,0.0,11.0
3.0,26.0,H2K,VIT,1.0,18.0
3.0,26.0,OG ,FNC,,22.0
3.0,26.0,TSM, NV,1.0,22.0
3.0,26.0,FNC, OG,,15.0
3.0,26.0,H2K,SPY,0.0,5.0
3.0,26.0,C9 , NV,1.0,18.0
3.0,26.0,C9 , P1,1.0,17.0
3.0,26.0,CLG, TL,1.0,14.0
3.0,26.0,CLG,FOX,1.0,20.0
3.0,26.0,ROC,S04,1.0,22.0
3.0,26.0,TL ,CLG,0.0,19.0
3.0,27.0,CLG,NRG,1.0,20.0
3.0,27.0,CLG,APX,0.0,20.0
3.0,27.0,ROC,FNC,,23.0
3.0,27.0,TL ,APX,0.0,16.0
3.0,27.0,UOL,H2K,0.0,7.0
3.0,27.0,GIA,S04,,19.0
3.0,27.0,ROC,GIA,0.0,14.0
3.0,27.0,TL , C9,0.0,8.0
3.0,27.0,UOL,SPY,1.0,18.0
3.0,27.0,GIA,ROC,1.0,19.0
3.0,27.0,OG ,SPY,0.0,6.0
3.0,27.0,TSM,IMT,1.0,15.0
3.0,27.0,FNC,ROC,,20.0
3.0,27.0,H2K,UOL,1.0,23.0
3.0,27.0,OG ,H2K,0.0,10.0
3.0,27.0,TSM,NRG,1.0,21.0
3.0,27.0,FNC, G2,0.0,6.0
3.0,27.0,H2K, OG,1.0,21.0
3.0,27.0,C9 ,FOX,1.0,19.0
3.0,27.0,C9 , TL,1.0,20.0
4.0,1.0,FLY, NV,1.0,19.0
4.0,1.0,FLY, TL,1.0,21.0
4.0,1.0,MSF,GIA,1.0,17.0
4.0,1.0,MSF,ROC,1.0,20.0
4.0,2.0,FLY,CLG,1.0,17.0
4.0,2.0,FLY,FOX,0.0,16.0
4.0,2.0,MSF, G2,0.0,20.0
4.0,2.0,MSF,FNC,1.0,20.0
4.0,3.0,MSF,SPY,1.0,20.0
4.0,3.0,MSF,VIT,1.0,23.0
4.0,3.0,FLY,DIG,1.0,18.0
4.0,3.0,FLY,IMT,1.0,20.0
4.0,4.0,MSF,UOL,1.0,21.0
4.0,4.0,MSF, OG,1.0,20.0
4.0,4.0,FLY, P1,1.0,21.0
4.0,4.0,FLY, C9,0.0,21.0
4.0,5.0,FLY,TSM,0.0,15.0
4.0,5.0,FLY,DIG,0.0,7.0
4.0,5.0,MSF,H2K,0.0,5.0
4.0,5.0,MSF, G2,0.0,15.0
4.0,6.0,FLY, NV,1.0,21.0
4.0,6.0,FLY, C9,0.0,14.0
4.0,6.0,MSF,ROC,0.0,2.0
4.0,7.0,FLY, P1,0.0,6.0
4.0,7.0,FLY,IMT,0.0,2.0
4.0,8.0,FLY,TSM,0.0,20.0
4.0,8.0,FLY,CLG,0.0,6.0
4.0,9.0,FLY,FOX,1.0,20.0
4.0,9.0,FLY, TL,1.0,18.0
4.0,10.0,P1 ,DIG,0.0,15.0
4.0,10.0,NV ,FLY,0.0,8.0
4.0,10.0,NV ,CLG,0.0,11.0
4.0,10.0,P1 ,FOX,1.0,14.0
4.0,11.0,P1 , NV,1.0,21.0
4.0,11.0,P1 , TL,1.0,20.0
4.0,11.0,NV , P1,0.0,5.0
4.0,11.0,NV ,IMT,0.0,21.0
4.0,12.0,NV , C9,0.0,8.0
4.0,12.0,P1 ,IMT,1.0,25.0
4.0,12.0,P1 ,TSM,0.0,16.0
4.0,12.0,NV , TL,1.0,22.0
4.0,13.0,NV ,TSM,0.0,9.0
4.0,13.0,NV ,DIG,0.0,5.0
4.0,13.0,P1 ,FLY,0.0,12.0
4.0,13.0,P1 ,CLG,0.0,18.0
4.0,14.0,P1 , NV,1.0,19.0
4.0,14.0,NV ,FOX,1.0,20.0
4.0,14.0,NV , P1,0.0,13.0
4.0,14.0,P1 , C9,1.0,16.0
4.0,15.0,P1 ,DIG,1.0,21.0
4.0,15.0,P1 ,CLG,0.0,19.0
4.0,15.0,NV ,FLY,0.0,22.0
4.0,15.0,NV ,IMT,1.0,21.0
4.0,16.0,NV , TL,0.0,19.0
4.0,16.0,P1 ,FLY,1.0,24.0
4.0,16.0,P1 ,FOX,1.0,16.0
4.0,16.0,NV ,TSM,0.0,16.0
4.0,17.0,NV ,DIG,0.0,22.0
4.0,17.0,NV , C9,0.0,21.0
4.0,17.0,P1 , TL,1.0,17.0
4.0,17.0,P1 ,IMT,1.0,20.0
4.0,18.0,P1 ,TSM,0.0,7.0
4.0,18.0,NV ,CLG,0.0,19.0
4.0,18.0,NV ,FOX,0.0,17.0
4.0,18.0,P1 , C9,0.0,5.0
4.0,19.0,DIG, P1,1.0,19.0
4.0,19.0,G2 ,FNC,1.0,23.0
4.0,19.0,DIG, C9,0.0,17.0
4.0,19.0,G2 ,ROC,1.0,21.0
4.0,19.0,VIT,UOL,0.0,4.0
4.0,19.0,SPY,H2K,0.0,2.0
4.0,19.0,VIT,SPY,0.0,4.0
4.0,19.0,SPY,VIT,1.0,19.0
4.0,19.0,FOX, P1,0.0,9.0
4.0,19.0,IMT,FOX,1.0,19.0
4.0,19.0,FOX,IMT,0.0,23.0
4.0,19.0,IMT,TSM,0.0,23.0
4.0,20.0,DIG,TSM,0.0,22.0
4.0,20.0,G2 ,MSF,1.0,22.0
4.0,20.0,DIG,FOX,0.0,19.0
4.0,20.0,G2 ,GIA,1.0,22.0
4.0,20.0,VIT, OG,1.0,16.0
4.0,20.0,SPY,UOL,0.0,15.0
4.0,20.0,VIT,H2K,0.0,15.0
4.0,20.0,SPY, OG,1.0,18.0
4.0,20.0,FOX,DIG,1.0,23.0
4.0,20.0,IMT, C9,0.0,3.0
4.0,20.0,FOX,FLY,1.0,20.0
4.0,20.0,IMT, NV,1.0,16.0
4.0,21.0,FOX, TL,0.0,15.0
4.0,21.0,IMT, P1,0.0,11.0
4.0,21.0,FOX, C9,0.0,5.0
4.0,21.0,IMT,FLY,0.0,7.0
4.0,21.0,DIG,FLY,0.0,4.0
4.0,21.0,G2 ,H2K,1.0,13.0
4.0,21.0,DIG,CLG,0.0,13.0
4.0,21.0,G2 , OG,1.0,20.0
4.0,21.0,VIT,FNC,0.0,21.0
4.0,21.0,SPY,MSF,0.0,8.0
4.0,21.0,VIT,MSF,0.0,4.0
4.0,21.0,SPY,FNC,1.0,19.0
4.0,22.0,VIT, G2,0.0,6.0
4.0,22.0,SPY,ROC,1.0,18.0
4.0,22.0,VIT,GIA,1.0,18.0
4.0,22.0,SPY,GIA,1.0,18.0
4.0,22.0,FOX,CLG,1.0,20.0
4.0,22.0,IMT,DIG,1.0,22.0
4.0,22.0,FOX,TSM,1.0,20.0
4.0,22.0,IMT, TL,1.0,21.0
4.0,22.0,DIG,IMT,0.0,8.0
4.0,22.0,G2 ,UOL,1.0,20.0
4.0,22.0,DIG, NV,1.0,22.0
4.0,22.0,G2 ,VIT,1.0,21.0
4.0,23.0,DIG, TL,1.0,19.0
4.0,23.0,G2 ,SPY,1.0,20.0
4.0,23.0,DIG,FLY,1.0,20.0
4.0,23.0,G2 ,MSF,1.0,22.0
4.0,23.0,VIT,ROC,0.0,16.0
4.0,23.0,SPY, G2,0.0,15.0
4.0,23.0,VIT, OG,1.0,19.0
4.0,23.0,SPY, OG,1.0,19.0
4.0,23.0,FOX, NV,0.0,3.0
4.0,23.0,IMT,CLG,0.0,15.0
4.0,23.0,FOX,IMT,0.0,6.0
4.0,23.0,IMT,FOX,1.0,22.0
4.0,24.0,DIG, P1,0.0,19.0
4.0,24.0,G2 ,GIA,1.0,16.0
4.0,24.0,DIG,TSM,0.0,12.0
4.0,24.0,VIT,SPY,0.0,11.0
4.0,24.0,SPY,VIT,1.0,21.0
4.0,24.0,VIT,H2K,0.0,22.0
4.0,24.0,FOX, TL,1.0,18.0
4.0,24.0,IMT, TL,0.0,18.0
4.0,24.0,FOX, C9,0.0,9.0
4.0,24.0,IMT, NV,0.0,19.0
4.0,25.0,FOX, P1,0.0,6.0
4.0,25.0,IMT,FLY,1.0,20.0
4.0,25.0,FOX,DIG,0.0,18.0
4.0,25.0,IMT,TSM,0.0,21.0
4.0,25.0,DIG,CLG,1.0,19.0
4.0,25.0,DIG,FOX,1.0,18.0
4.0,26.0,FOX,CLG,0.0,9.0
4.0,26.0,IMT, C9,1.0,21.0
4.0,26.0,FOX,TSM,0.0,3.0
4.0,26.0,IMT, P1,0.0,3.0
4.0,26.0,DIG, NV,1.0,21.0
4.0,26.0,DIG, TL,1.0,19.0
4.0,27.0,DIG,IMT,1.0,22.0
4.0,27.0,DIG, C9,0.0,8.0
4.0,27.0,FOX,FLY,0.0,14.0
4.0,27.0,IMT,DIG,0.0,16.0
4.0,27.0,FOX, NV,1.0,20.0
4.0,27.0,IMT,CLG,1.0,22.0
4.0,28.0,C9 ,TSM,1.0,19.0
4.0,28.0,C9 ,DIG,1.0,16.0
4.0,28.0,CLG, TL,0.0,17.0
4.0,28.0,CLG, NV,1.0,21.0
4.0,28.0,ROC, G2,0.0,8.0
4.0,28.0,TL ,CLG,1.0,17.0
4.0,28.0,UOL,VIT,1.0,17.0
4.0,28.0,GIA,MSF,0.0,20.0
4.0,28.0,ROC,MSF,0.0,12.0
4.0,28.0,TL ,FLY,0.0,16.0
4.0,28.0,UOL, OG,1.0,15.0
4.0,28.0,GIA,FNC,0.0,21.0
4.0,28.0,OG ,H2K,0.0,10.0
4.0,28.0,TSM, C9,0.0,10.0
4.0,28.0,FNC, G2,0.0,19.0
4.0,28.0,H2K, OG,1.0,21.0
4.0,28.0,OG ,UOL,0.0,5.0
4.0,28.0,TSM,IMT,1.0,21.0
4.0,28.0,FNC,GIA,1.0,21.0
4.0,28.0,H2K,SPY,1.0,20.0
4.0,29.0,TSM,DIG,1.0,22.0
4.0,29.0,FNC,MSF,0.0,9.0
4.0,29.0,H2K,UOL,0.0,15.0
4.0,29.0,OG ,SPY,0.0,10.0
4.0,29.0,TSM, TL,1.0,20.0
4.0,29.0,FNC,ROC,1.0,21.0
4.0,29.0,H2K,VIT,1.0,23.0
4.0,29.0,C9 ,IMT,1.0,21.0
4.0,29.0,C9 ,CLG,1.0,18.0
4.0,29.0,CLG,FLY,0.0,7.0
4.0,29.0,CLG, C9,0.0,22.0
4.0,29.0,ROC,GIA,0.0,14.0
4.0,29.0,TL ,TSM,0.0,15.0
4.0,29.0,UOL,H2K,1.0,15.0
4.0,29.0,GIA,ROC,1.0,21.0
4.0,29.0,ROC,FNC,0.0,24.0
4.0,29.0,TL , P1,0.0,2.0
4.0,29.0,UOL,SPY,1.0,19.0
4.0,29.0,GIA, G2,0.0,7.0
4.0,29.0,OG ,VIT,0.0,12.0
4.0,30.0,UOL,GIA,1.0,21.0
4.0,30.0,GIA,UOL,0.0,4.0
4.0,30.0,ROC,SPY,0.0,8.0
4.0,30.0,TL ,FOX,1.0,28.0
4.0,30.0,UOL, G2,0.0,13.0
4.0,30.0,GIA,H2K,0.0,7.0
4.0,30.0,OG , G2,0.0,4.0
4.0,30.0,TSM,CLG,1.0,19.0
4.0,30.0,FNC,VIT,1.0,22.0
4.0,30.0,H2K, G2,0.0,19.0
4.0,30.0,OG ,FNC,0.0,9.0
4.0,30.0,TSM, P1,1.0,24.0
4.0,30.0,FNC,SPY,0.0,19.0
4.0,30.0,H2K,ROC,1.0,19.0
4.0,30.0,C9 , NV,1.0,21.0
4.0,30.0,C9 ,FOX,1.0,22.0
4.0,30.0,CLG,TSM,0.0,18.0
4.0,30.0,CLG,DIG,1.0,20.0
4.0,30.0,ROC,H2K,0.0,12.0
4.0,30.0,TL , NV,0.0,4.0
4.0,31.0,CLG,FOX,0.0,10.0
4.0,31.0,CLG, P1,1.0,17.0
4.0,31.0,ROC,UOL,0.0,3.0
4.0,31.0,TL , C9,0.0,17.0
4.0,31.0,UOL,MSF,0.0,20.0
4.0,31.0,GIA,SPY,0.0,1.0
4.0,31.0,ROC, OG,1.0,18.0
4.0,31.0,TL ,IMT,0.0,7.0
4.0,31.0,UOL,ROC,1.0,20.0
4.0,31.0,GIA,VIT,0.0,18.0
4.0,31.0,OG ,MSF,0.0,8.0
4.0,31.0,TSM, NV,1.0,15.0
4.0,31.0,FNC, OG,1.0,18.0
4.0,31.0,H2K,GIA,1.0,17.0
4.0,31.0,OG ,ROC,0.0,30.0
4.0,31.0,TSM,FOX,0.0,8.0
4.0,31.0,FNC,H2K,0.0,3.0
4.0,31.0,H2K,FNC,1.0,21.0
4.0,31.0,C9 , TL,1.0,18.0
4.0,31.0,C9 ,FLY,1.0,21.0
4.0,32.0,C9 , P1,0.0,13.0
4.0,32.0,C9 ,TSM,0.0,17.0
4.0,32.0,CLG,IMT,1.0,18.0
4.0,32.0,CLG, TL,1.0,21.0
4.0,32.0,ROC,VIT,1.0,20.0
4.0,32.0,TL ,DIG,0.0,19.0
4.0,32.0,UOL,FNC,1.0,18.0
4.0,32.0,GIA, OG,1.0,19.0
4.0,32.0,ROC,FNC,1.0,26.0
4.0,32.0,TL ,CLG,0.0,15.0
4.0,32.0,UOL,H2K,1.0,22.0
4.0,32.0,GIA,ROC,0.0,7.0
4.0,32.0,OG ,GIA,0.0,19.0
4.0,32.0,TSM,FLY,1.0,18.0
4.0,32.0,FNC,UOL,0.0,11.0
4.0,32.0,H2K,MSF,1.0,22.0
4.0,32.0,OG ,VIT,0.0,6.0
4.0,32.0,TSM, C9,1.0,19.0
4.0,32.0,FNC,ROC,0.0,20.0
4.0,32.0,H2K,UOL,0.0,12.0
4.0,33.0,TSM,CLG,1.0,18.0
4.0,33.0,FNC,GIA,1.0,19.0
4.0,33.0,H2K,VIT,1.0,18.0
4.0,33.0,OG ,UOL,0.0,1.0
4.0,33.0,TSM,DIG,1.0,20.0
4.0,33.0,C9 ,FOX,1.0,21.0
4.0,33.0,C9 ,FLY,1.0,15.0
4.0,33.0,CLG,TSM,0.0,11.0
4.0,33.0,CLG, P1,1.0,19.0
4.0,33.0,ROC,GIA,1.0,22.0
4.0,33.0,TL ,FOX,0.0,19.0
4.0,33.0,UOL, OG,1.0,20.0
4.0,33.0,GIA, G2,0.0,5.0
4.0,33.0,ROC,MSF,1.0,22.0
4.0,33.0,TL ,IMT,1.0,18.0
4.0,33.0,GIA,FNC,0.0,20.0
4.0,33.0,OG ,SPY,0.0,4.0
4.0,34.0,TL , NV,1.0,18.0
4.0,34.0,TSM, NV,1.0,21.0
4.0,34.0,TSM,IMT,1.0,20.0
4.0,34.0,C9 , TL,1.0,19.0
4.0,34.0,C9 ,CLG,0.0,18.0
4.0,34.0,CLG,DIG,0.0,10.0
4.0,34.0,CLG, C9,1.0,22.0
4.0,34.0,TL , C9,0.0,8.0
4.0,35.0,CLG,FOX,1.0,21.0
4.0,35.0,CLG,FLY,1.0,19.0
4.0,35.0,TL , P1,0.0,7.0
4.0,35.0,TL ,DIG,0.0,2.0
4.0,35.0,TSM,FLY,1.0,21.0
4.0,35.0,TSM,FOX,1.0,21.0
4.0,35.0,C9 ,IMT,0.0,18.0
4.0,35.0,C9 , NV,1.0,21.0
4.0,36.0,C9 , P1,1.0,22.0
4.0,36.0,C9 ,DIG,1.0,19.0
4.0,36.0,CLG, NV,1.0,30.0
4.0,36.0,CLG,IMT,0.0,2.0
4.0,36.0,TL ,TSM,1.0,14.0
4.0,36.0,TL ,FLY,0.0,19.0
4.0,36.0,TSM, TL,0.0,19.0
4.0,36.0,TSM, P1,1.0,17.0
5.0,1.0,MM ,2K*,0.0,5.0
5.0,1.0,NIP,MSF,0.0,15.0
5.0,1.0,MM ,UOL,0.0,9.0
5.0,1.0,NIP,NC*,0.0,14.0
5.0,2.0,NIP, G2,0.0,10.0
5.0,2.0,MM ,SPY,0.0,5.0
5.0,2.0,NIP,OC*,0.0,6.0
5.0,2.0,MM ,IT*,0.0,6.0
5.0,3.0,NIP,2K*,0.0,9.0
5.0,3.0,MM ,NC*,0.0,11.0
5.0,3.0,NIP, MM,0.0,9.0
5.0,3.0,MM ,NIP,1.0,20.0
5.0,4.0,NIP,UOL,0.0,18.0
5.0,4.0,MM , G2,0.0,11.0
5.0,4.0,NIP,IT*,0.0,20.0
5.0,4.0,MM ,OC*,1.0,21.0
5.0,5.0,MM ,SF*,0.0,5.0
5.0,5.0,NIP, G2,0.0,3.0
5.0,5.0,MM ,VIT,0.0,7.0
5.0,5.0,NIP,PY*,0.0,4.0
5.0,6.0,NIP,ROC,1.0,15.0
5.0,6.0,MM ,UOL,0.0,20.0
5.0,6.0,NIP,SF*,0.0,15.0
5.0,6.0,MM ,PY*,0.0,3.0
5.0,6.0,MSF,NC*,0.0,6.0
5.0,7.0,MSF,NIP,1.0,18.0
5.0,7.0,MSF,ROC,1.0,21.0
5.0,8.0,MSF,G2*,1.0,19.0
5.0,8.0,MSF,IT*,1.0,21.0
5.0,9.0,MSF,2K*,0.0,12.0
5.0,9.0,MSF,OL*,0.0,16.0
5.0,10.0,FLY,FOX,0.0,13.0
5.0,10.0,FLY,DIG,0.0,6.0
5.0,10.0,MSF, MM,1.0,16.0
5.0,10.0,MSF,SPY,0.0,16.0
5.0,11.0,MSF,NC*,0.0,5.0
5.0,11.0,MSF, G2,0.0,4.0
5.0,11.0,FLY,IMT,0.0,20.0
5.0,11.0,FLY, P1,1.0,17.0
5.0,12.0,MSF,NIP,1.0,19.0
5.0,12.0,FLY,CLG,0.0,18.0
5.0,12.0,FLY, C9,0.0,9.0
5.0,13.0,FLY,TSM,0.0,3.0
5.0,13.0,FLY, NV,0.0,17.0
5.0,14.0,FLY,DIG,1.0,19.0
5.0,14.0,FLY,FOX,1.0,14.0
5.0,15.0,FLY,CLG,0.0,14.0
5.0,15.0,FLY, TL,1.0,17.0
5.0,16.0,FLY,IMT,0.0,11.0
5.0,16.0,FLY, NV,0.0,18.0
5.0,17.0,FLY,TSM,0.0,5.0
5.0,17.0,FLY, C9,0.0,6.0
5.0,18.0,FLY, TL,1.0,18.0
5.0,18.0,FLY, P1,1.0,17.0
5.0,19.0,P1 ,IMT,0.0,23.0
5.0,19.0,P1 , NV,0.0,19.0
5.0,19.0,NV ,DIG,0.0,20.0
5.0,19.0,NV , P1,1.0,18.0
5.0,20.0,NV , TL,1.0,20.0
5.0,20.0,P1 , C9,0.0,10.0
5.0,20.0,P1 ,FLY,0.0,6.0
5.0,20.0,NV ,IMT,1.0,18.0
5.0,21.0,NV ,FOX,0.0,8.0
5.0,21.0,NV ,TSM,0.0,5.0
5.0,21.0,P1 ,DIG,0.0,15.0
5.0,21.0,P1 ,CLG,0.0,23.0
5.0,22.0,P1 , TL,0.0,21.0
5.0,22.0,NV ,CLG,0.0,19.0
5.0,22.0,NV ,FLY,1.0,18.0
5.0,22.0,P1 ,FOX,1.0,19.0
5.0,23.0,P1 , NV,1.0,22.0
5.0,23.0,P1 ,IMT,1.0,18.0
5.0,23.0,NV , P1,0.0,14.0
5.0,23.0,NV ,DIG,1.0,15.0
5.0,24.0,NV ,FOX,1.0,23.0
5.0,24.0,G2 ,OC*,1.0,21.0
5.0,24.0,P1 ,TSM,0.0,11.0
5.0,24.0,P1 ,DIG,0.0,15.0
5.0,24.0,SPY,2K*,0.0,7.0
5.0,24.0,NV , C9,1.0,21.0
5.0,25.0,NV , TL,0.0,14.0
5.0,25.0,NV ,FLY,1.0,22.0
5.0,25.0,G2 ,FNC,0.0,18.0
5.0,25.0,G2 ,NIP,1.0,18.0
5.0,25.0,P1 , C9,0.0,15.0
5.0,25.0,VIT,OL*,0.0,5.0
5.0,25.0,P1 , TL,0.0,2.0
5.0,25.0,SPY,VIT,1.0,19.0
5.0,25.0,VIT,PY*,0.0,10.0
5.0,25.0,SPY, MM,1.0,15.0
5.0,26.0,VIT, MM,1.0,16.0
5.0,26.0,P1 ,CLG,1.0,21.0
5.0,26.0,SPY,OL*,1.0,17.0
5.0,26.0,VIT,H2K,0.0,5.0
5.0,26.0,SPY,OC*,1.0,21.0
5.0,26.0,NV ,CLG,0.0,5.0
5.0,26.0,NV ,TSM,0.0,19.0
5.0,26.0,G2 ,SF*,0.0,19.0
5.0,26.0,G2 ,OL*,0.0,15.0
5.0,26.0,P1 ,FOX,0.0,16.0
5.0,27.0,G2 ,MM*,1.0,19.0
5.0,27.0,G2 ,PY*,1.0,20.0
5.0,27.0,P1 ,TSM,0.0,8.0
5.0,27.0,VIT,SF*,0.0,9.0
5.0,27.0,P1 ,FLY,0.0,6.0
5.0,27.0,SPY,NC*,0.0,6.0
5.0,27.0,VIT,OC*,1.0,18.0
5.0,27.0,SPY,G2*,0.0,7.0
5.0,27.0,NV ,IMT,0.0,2.0
5.0,27.0,NV , C9,0.0,8.0
5.0,28.0,DIG, NV,1.0,21.0
5.0,28.0,G2 ,H2K,1.0,18.0
5.0,28.0,DIG,FLY,1.0,21.0
5.0,28.0,G2 ,VIT,1.0,19.0
5.0,28.0,VIT,NIP,1.0,19.0
5.0,28.0,SPY,NIP,1.0,16.0
5.0,28.0,VIT,FNC,0.0,6.0
5.0,28.0,SPY,MSF,1.0,15.0
5.0,28.0,FOX,FLY,1.0,17.0
5.0,28.0,IMT, P1,1.0,21.0
5.0,28.0,FOX, TL,1.0,27.0
5.0,28.0,IMT,TSM,1.0,15.0
5.0,29.0,FOX,CLG,0.0,21.0
5.0,29.0,IMT, NV,0.0,6.0
5.0,29.0,FOX, C9,0.0,19.0
5.0,29.0,IMT,FLY,1.0,19.0
5.0,29.0,DIG,TSM,1.0,20.0
5.0,29.0,G2 ,IP*,1.0,20.0
5.0,29.0,DIG, TL,0.0,22.0
5.0,29.0,G2 ,SF*,1.0,21.0
5.0,29.0,VIT,G2*,0.0,15.0
5.0,29.0,SPY,2K*,0.0,3.0
5.0,29.0,VIT,MM*,1.0,15.0
5.0,29.0,SPY, MM,1.0,21.0
5.0,30.0,VIT,2K*,0.0,3.0
5.0,30.0,SPY,UOL,0.0,6.0
5.0,30.0,FOX, NV,1.0,21.0
5.0,30.0,IMT, TL,1.0,20.0
5.0,30.0,FOX,DIG,0.0,24.0
5.0,30.0,IMT, C9,1.0,21.0
5.0,30.0,DIG, P1,1.0,20.0
5.0,30.0,DIG,FOX,1.0,20.0
5.0,31.0,DIG,IMT,0.0,17.0
5.0,31.0,DIG, C9,0.0,21.0
5.0,31.0,FOX, P1,0.0,10.0
5.0,31.0,IMT,CLG,1.0,18.0
5.0,31.0,FOX,TSM,0.0,6.0
5.0,31.0,IMT,DIG,1.0,21.0
5.0,32.0,DIG,FLY,0.0,22.0
5.0,32.0,DIG, NV,0.0,16.0
5.0,32.0,FOX, TL,1.0,18.0
5.0,32.0,IMT,TSM,0.0,9.0
5.0,32.0,FOX,FLY,0.0,18.0
5.0,32.0,IMT, P1,0.0,19.0
5.0,33.0,FOX,IMT,0.0,6.0
5.0,33.0,IMT,FOX,1.0,21.0
5.0,33.0,FNC,MSF,1.0,22.0
5.0,33.0,FOX, NV,0.0,19.0
5.0,33.0,H2K,SPY,1.0,21.0
5.0,33.0,IMT, C9,1.0,20.0
5.0,33.0,DIG,CLG,1.0,22.0
5.0,33.0,DIG, P1,1.0,21.0
5.0,33.0,UOL,IT*,1.0,18.0
5.0,34.0,UOL, MM,1.0,15.0
5.0,34.0,ROC,SF*,0.0,19.0
5.0,34.0,UOL,H2K,1.0,17.0
5.0,34.0,FNC,NIP,1.0,19.0
5.0,34.0,FOX,CLG,0.0,2.0
5.0,34.0,H2K, MM,1.0,20.0
5.0,34.0,IMT,FLY,1.0,20.0
5.0,34.0,FNC,G2*,1.0,22.0
5.0,34.0,FOX,TSM,0.0,19.0
5.0,34.0,H2K,OL*,0.0,19.0
5.0,34.0,IMT,CLG,1.0,20.0
5.0,34.0,DIG,TSM,1.0,19.0
5.0,34.0,DIG, C9,0.0,18.0
5.0,34.0,ROC,G2*,0.0,20.0
5.0,35.0,DIG,IMT,1.0,21.0
5.0,35.0,DIG,FOX,1.0,20.0
5.0,35.0,ROC,FNC,1.0,18.0
5.0,35.0,UOL,PY*,0.0,13.0
5.0,35.0,ROC,NIP,1.0,18.0
5.0,35.0,UOL,G2*,1.0,20.0
5.0,35.0,FNC,OC*,0.0,22.0
5.0,35.0,FOX, P1,1.0,12.0
5.0,35.0,H2K,IT*,1.0,18.0
5.0,35.0,IMT, TL,1.0,17.0
5.0,35.0,FNC,H2K,1.0,17.0
5.0,35.0,FOX,DIG,0.0,22.0
5.0,35.0,H2K,FNC,0.0,2.0
5.0,35.0,IMT,DIG,0.0,17.0
5.0,36.0,DIG,CLG,0.0,17.0
5.0,36.0,DIG, TL,1.0,18.0
5.0,36.0,ROC,PY*,0.0,19.0
5.0,36.0,UOL,IP*,1.0,17.0
5.0,36.0,ROC,IT*,0.0,7.0
5.0,36.0,UOL,SF*,1.0,19.0
5.0,36.0,FNC, MM,1.0,18.0
5.0,36.0,FOX,IMT,0.0,3.0
5.0,36.0,H2K,NIP,1.0,18.0
5.0,36.0,IMT, NV,1.0,19.0
5.0,36.0,FNC,PY*,1.0,22.0
5.0,36.0,FOX, C9,0.0,5.0
5.0,36.0,H2K,SF*,1.0,20.0
5.0,36.0,IMT,FOX,1.0,21.0
5.0,37.0,TSM, C9,1.0,23.0
5.0,37.0,FNC,IT*,1.0,21.0
5.0,37.0,H2K,OC*,1.0,20.0
5.0,37.0,TSM,IMT,0.0,7.0
5.0,37.0,FNC,OL*,1.0,20.0
5.0,37.0,H2K,G2*,0.0,18.0
5.0,37.0,C9 ,CLG,0.0,17.0
5.0,37.0,C9 ,TSM,0.0,9.0
5.0,37.0,CLG, C9,1.0,24.0
5.0,37.0,CLG, TL,1.0,20.0
5.0,37.0,ROC,H2K,0.0,2.0
5.0,37.0,TL ,CLG,0.0,4.0
5.0,37.0,UOL,ROC,0.0,20.0
5.0,37.0,ROC, MM,0.0,18.0
5.0,37.0,TL ,FOX,0.0,3.0
5.0,37.0,UOL,FNC,0.0,20.0
5.0,38.0,UOL,MM*,1.0,17.0
5.0,38.0,ROC,IP*,0.0,12.0
5.0,38.0,TL ,DIG,1.0,21.0
5.0,38.0,UOL,PY*,1.0,18.0
5.0,38.0,TSM,DIG,0.0,21.0
5.0,38.0,FNC,SF*,1.0,18.0
5.0,38.0,H2K,PY*,1.0,19.0
5.0,38.0,TSM,CLG,1.0,19.0
5.0,38.0,FNC,OC*,1.0,20.0
5.0,38.0,H2K,IT*,1.0,20.0
5.0,38.0,C9 , P1,1.0,21.0
5.0,38.0,C9 ,FOX,1.0,20.0
5.0,38.0,CLG,FOX,1.0,22.0
5.0,38.0,CLG,TSM,0.0,20.0
5.0,38.0,ROC,OL*,1.0,18.0
5.0,38.0,TL , NV,0.0,22.0
5.0,39.0,CLG,FLY,1.0,22.0
5.0,39.0,CLG, P1,1.0,19.0
5.0,39.0,ROC,NC*,0.0,13.0
5.0,39.0,TL ,IMT,0.0,7.0
5.0,39.0,TL ,TSM,0.0,6.0
5.0,39.0,TSM, TL,1.0,20.0
5.0,39.0,TSM, NV,1.0,21.0
5.0,39.0,C9 ,IMT,0.0,17.0
5.0,39.0,C9 ,FLY,1.0,20.0
5.0,40.0,C9 , TL,1.0,19.0
5.0,40.0,C9 ,DIG,1.0,20.0
5.0,40.0,CLG,IMT,0.0,4.0
5.0,40.0,CLG, NV,1.0,20.0
5.0,40.0,TL , C9,0.0,8.0
5.0,40.0,TL , P1,1.0,20.0
5.0,40.0,TSM,FLY,1.0,21.0
5.0,40.0,TSM,FOX,1.0,19.0
5.0,41.0,TSM, C9,0.0,17.0
5.0,41.0,TSM,IMT,1.0,19.0
5.0,41.0,C9 ,TSM,1.0,19.0
5.0,41.0,C9 ,CLG,0.0,20.0
5.0,41.0,CLG, C9,1.0,20.0
5.0,41.0,CLG, TL,1.0,19.0
5.0,41.0,TL ,FOX,0.0,18.0
5.0,41.0,TL ,CLG,0.0,10.0
5.0,42.0,TL ,TSM,0.0,8.0
5.0,42.0,TSM, P1,1.0,17.0
5.0,42.0,TSM, TL,1.0,21.0
5.0,42.0,C9 , NV,0.0,8.0
5.0,42.0,C9 ,IMT,0.0,19.0
5.0,42.0,CLG,FLY,1.0,22.0
5.0,42.0,CLG,DIG,0.0,6.0
5.0,42.0,TL ,FLY,0.0,18.0
5.0,43.0,CLG,FOX,1.0,21.0
5.0,43.0,CLG,IMT,0.0,19.0
5.0,43.0,TL , NV,1.0,17.0
5.0,43.0,TL , P1,1.0,22.0
5.0,43.0,TSM,DIG,0.0,8.0
5.0,43.0,TSM,FOX,1.0,18.0
5.0,43.0,C9 , P1,1.0,22.0
5.0,43.0,C9 ,DIG,1.0,19.0
5.0,44.0,C9 , TL,1.0,18.0
5.0,44.0,C9 ,FLY,1.0,20.0
5.0,44.0,CLG, NV,1.0,22.0
5.0,44.0,CLG, P1,0.0,19.0
5.0,44.0,TL ,IMT,0.0,11.0
5.0,44.0,TL , C9,0.0,12.0
5.0,44.0,TSM,FLY,1.0,17.0
5.0,44.0,TSM, NV,1.0,21.0
5.0,45.0,TSM, P1,1.0,21.0
5.0,45.0,TSM,CLG,1.0,25.0
5.0,45.0,C9 , NV,1.0,19.0
5.0,45.0,C9 ,FOX,1.0,20.0
5.0,45.0,CLG,DIG,1.0,20.0
5.0,45.0,CLG,TSM,0.0,10.0
5.0,45.0,TL ,FLY,0.0,14.0
5.0,45.0,TL ,DIG,0.0,19.0
6.0,1.0,CG ,GGS,1.0,22.0
6.0,1.0,CG ,FOX,0.0,3.0
6.0,1.0,OPT,100,0.0,12.0
6.0,1.0,GGS, CG,0.0,1.0
6.0,1.0,OPT, TL,0.0,6.0
6.0,1.0,GGS, C9,0.0,4.0
6.0,1.0,100,OPT,1.0,26.0
6.0,1.0,100,CLG,1.0,19.0
6.0,2.0,CG ,CLG,1.0,16.0
6.0,2.0,CG , TL,0.0,2.0
6.0,2.0,OPT,TSM,0.0,18.0
6.0,2.0,GGS,FLY,0.0,14.0
6.0,2.0,OPT,FLY,1.0,23.0
6.0,2.0,GGS,CLG,0.0,9.0
6.0,2.0,100, TL,1.0,19.0
6.0,2.0,100, C9,0.0,1.0
6.0,3.0,100, CG,1.0,20.0
6.0,3.0,100,TSM,0.0,6.0
6.0,3.0,CG ,100,0.0,10.0
6.0,3.0,CG , C9,0.0,4.0
6.0,3.0,OPT, C9,0.0,4.0
6.0,3.0,GGS,TSM,0.0,2.0
6.0,3.0,OPT,FOX,0.0,3.0
6.0,3.0,GGS, TL,0.0,0.0
6.0,4.0,GGS,FOX,0.0,3.0
6.0,4.0,OPT, CG,0.0,6.0
6.0,4.0,GGS,100,1.0,23.0
6.0,4.0,100,FLY,0.0,7.0
6.0,4.0,100,GGS,0.0,2.0
6.0,4.0,CG ,TSM,1.0,18.0
6.0,4.0,CG ,OPT,1.0,15.0
6.0,4.0,OPT,CLG,1.0,19.0
6.0,5.0,CG ,FLY,1.0,18.0
6.0,5.0,CG ,TSM,1.0,21.0
6.0,5.0,OPT,GGS,1.0,23.0
6.0,5.0,GGS,OPT,0.0,2.0
6.0,5.0,OPT,FLY,0.0,14.0
6.0,5.0,GGS, TL,1.0,24.0
6.0,5.0,100,FOX,0.0,6.0
6.0,5.0,100,CLG,1.0,20.0
6.0,6.0,CG ,CLG,1.0,22.0
6.0,6.0,CG , C9,0.0,0.0
6.0,6.0,OPT,GGS,1.0,18.0
6.0,6.0,GGS,OPT,0.0,5.0
6.0,6.0,OPT,TSM,0.0,3.0
6.0,6.0,GGS,CLG,1.0,15.0
6.0,6.0,100, C9,1.0,20.0
6.0,6.0,100,FLY,1.0,25.0
6.0,7.0,100, TL,0.0,2.0
6.0,7.0,100,TSM,1.0,20.0
6.0,7.0,CG ,OPT,1.0,20.0
6.0,7.0,CG ,FLY,1.0,23.0
6.0,7.0,OPT, CG,0.0,0.0
6.0,7.0,GGS,FOX,1.0,18.0
6.0,7.0,OPT,FOX,0.0,5.0
6.0,7.0,GGS, C9,0.0,8.0
6.0,8.0,GGS,100,0.0,2.0
6.0,8.0,OPT,100,0.0,0.0
6.0,8.0,GGS,FLY,0.0,10.0
6.0,8.0,100,GGS,1.0,19.0
6.0,8.0,100,OPT,1.0,20.0
6.0,8.0,CG ,FOX,1.0,16.0
6.0,8.0,CG , TL,0.0,4.0
6.0,8.0,OPT, C9,0.0,13.0
6.0,9.0,CG ,100,0.0,4.0
6.0,9.0,CG ,GGS,1.0,22.0
6.0,9.0,OPT,CLG,1.0,17.0
6.0,9.0,GGS,TSM,0.0,1.0
6.0,9.0,OPT, TL,0.0,0.0
6.0,9.0,GGS, CG,0.0,3.0
6.0,9.0,100, CG,1.0,19.0
6.0,9.0,100,FOX,1.0,24.0
6.0,10.0,S04,ROC,1.0,14.0
6.0,10.0,S04,MSF,0.0,4.0
6.0,11.0,S04,UOL,1.0,20.0
6.0,11.0,S04,SPY,0.0,13.0
6.0,12.0,MSF, G2,0.0,10.0
6.0,12.0,S04,VIT,0.0,4.0
6.0,12.0,S04,GIA,1.0,16.0
6.0,13.0,MSF,S04,1.0,20.0
6.0,13.0,MSF,H2K,1.0,17.0
6.0,13.0,S04, G2,0.0,17.0
6.0,13.0,S04,H2K,1.0,20.0
6.0,14.0,S04,FNC,0.0,6.0
6.0,14.0,S04,ROC,0.0,7.0
6.0,14.0,MSF,VIT,1.0,16.0
6.0,14.0,MSF,FNC,1.0,23.0
6.0,15.0,MSF,SPY,0.0,15.0
6.0,15.0,MSF,GIA,0.0,10.0
6.0,15.0,S04,MSF,1.0,14.0
6.0,15.0,S04,SPY,0.0,4.0
6.0,16.0,MSF,ROC,0.0,0.0
6.0,16.0,MSF,UOL,1.0,16.0
6.0,16.0,S04,VIT,0.0,5.0
6.0,16.0,S04,UOL,0.0,3.0
6.0,17.0,MSF, G2,0.0,9.0
6.0,17.0,MSF,S04,0.0,14.0
6.0,17.0,S04,GIA,1.0,17.0
6.0,17.0,S04, G2,1.0,24.0
6.0,18.0,S04,H2K,0.0,2.0
6.0,18.0,S04,FNC,0.0,2.0
6.0,18.0,MSF,VIT,1.0,12.0
6.0,18.0,MSF,FNC,1.0,22.0
6.0,19.0,MSF,H2K,0.0,10.0
6.0,19.0,MSF,SPY,0.0,6.0
6.0,19.0,FLY,FOX,0.0,1.0
6.0,19.0,FLY,TSM,1.0,22.0
6.0,20.0,MSF,GIA,0.0,4.0
6.0,20.0,MSF,ROC,0.0,2.0
6.0,20.0,FLY,GGS,1.0,16.0
6.0,20.0,FLY,OPT,0.0,4.0
6.0,21.0,FLY, TL,0.0,0.0
6.0,21.0,FLY,CLG,0.0,4.0
6.0,21.0,MSF,UOL,1.0,17.0
6.0,22.0,FLY,100,1.0,17.0
6.0,22.0,FLY, C9,0.0,10.0
6.0,23.0,FLY, CG,0.0,5.0
6.0,23.0,FLY,OPT,1.0,19.0
6.0,24.0,FLY, TL,0.0,3.0
6.0,24.0,FLY,100,0.0,3.0
6.0,25.0,FLY,TSM,0.0,4.0
6.0,25.0,FLY, CG,0.0,9.0
6.0,26.0,FLY,CLG,0.0,19.0
6.0,26.0,FLY,GGS,1.0,16.0
6.0,27.0,FLY,FOX,0.0,10.0
6.0,27.0,FLY, C9,1.0,20.0
6.0,30.0,VIT,H2K,1.0,14.0
6.0,30.0,SPY,FNC,0.0,3.0
6.0,30.0,G2 ,MSF,1.0,17.0
6.0,30.0,G2 ,ROC,0.0,11.0
6.0,31.0,G2 ,GIA,0.0,9.0
6.0,31.0,G2 ,FNC,0.0,8.0
6.0,31.0,VIT,GIA,1.0,12.0
6.0,31.0,SPY,UOL,1.0,20.0
6.0,31.0,VIT,FNC,1.0,18.0
6.0,31.0,SPY,ROC,0.0,8.0
6.0,32.0,G2 ,SPY,1.0,21.0
6.0,32.0,G2 ,H2K,1.0,21.0
6.0,32.0,VIT,MSF,0.0,8.0
6.0,32.0,SPY,S04,1.0,18.0
6.0,32.0,VIT,S04,1.0,20.0
6.0,32.0,SPY, G2,0.0,8.0
6.0,33.0,G2 ,S04,1.0,16.0
6.0,33.0,G2 ,UOL,1.0,20.0
6.0,33.0,VIT,UOL,1.0,18.0
6.0,33.0,SPY,MSF,1.0,14.0
6.0,33.0,VIT,ROC,1.0,16.0
6.0,33.0,SPY,H2K,1.0,14.0
6.0,34.0,VIT,SPY,1.0,26.0
6.0,34.0,GIA,UOL,1.0,19.0
6.0,34.0,SPY,VIT,0.0,0.0
6.0,34.0,VIT, G2,0.0,2.0
6.0,34.0,GIA,VIT,0.0,10.0
6.0,34.0,SPY,GIA,1.0,22.0
6.0,34.0,G2 ,VIT,1.0,19.0
6.0,34.0,G2 ,MSF,1.0,16.0
6.0,35.0,G2 ,ROC,1.0,22.0
6.0,35.0,G2 ,FNC,0.0,10.0
6.0,35.0,VIT,H2K,0.0,5.0
6.0,35.0,GIA, G2,1.0,16.0
6.0,35.0,SPY,FNC,0.0,8.0
6.0,35.0,VIT,GIA,0.0,4.0
6.0,35.0,GIA,H2K,1.0,13.0
6.0,35.0,SPY,UOL,0.0,5.0
6.0,36.0,G2 ,SPY,0.0,1.0
6.0,36.0,G2 ,GIA,1.0,13.0
6.0,36.0,VIT,MSF,0.0,7.0
6.0,36.0,GIA,ROC,1.0,16.0
6.0,36.0,SPY,S04,1.0,18.0
6.0,36.0,VIT,S04,1.0,22.0
6.0,36.0,GIA,S04,0.0,9.0
6.0,36.0,SPY, G2,1.0,21.0
6.0,37.0,FOX,FLY,1.0,19.0
6.0,37.0,FOX, CG,1.0,21.0
6.0,37.0,G2 ,H2K,0.0,9.0
6.0,37.0,G2 ,S04,0.0,5.0
6.0,37.0,VIT,FNC,0.0,14.0
6.0,37.0,GIA,MSF,1.0,12.0
6.0,37.0,SPY,ROC,1.0,22.0
6.0,37.0,VIT,UOL,1.0,22.0
6.0,37.0,GIA,FNC,0.0,2.0
6.0,37.0,SPY,MSF,1.0,18.0
6.0,38.0,VIT,ROC,0.0,6.0
6.0,38.0,GIA,SPY,0.0,1.0
6.0,38.0,SPY,H2K,1.0,18.0
6.0,38.0,VIT,SPY,1.0,12.0
6.0,38.0,GIA,UOL,0.0,3.0
6.0,38.0,SPY,VIT,0.0,10.0
6.0,38.0,FOX, C9,1.0,16.0
6.0,38.0,FOX,TSM,1.0,15.0
6.0,38.0,G2 ,UOL,1.0,16.0
6.0,38.0,G2 ,VIT,1.0,17.0
6.0,39.0,UOL,GIA,0.0,2.0
6.0,39.0,VIT, G2,0.0,14.0
6.0,39.0,GIA,VIT,1.0,17.0
6.0,39.0,ROC,S04,0.0,1.0
6.0,39.0,SPY,GIA,1.0,19.0
6.0,39.0,UOL,SPY,0.0,22.0
6.0,39.0,GIA,H2K,0.0,21.0
6.0,39.0,FNC,SPY,1.0,23.0
6.0,39.0,FOX,CLG,0.0,9.0
6.0,39.0,H2K,VIT,0.0,5.0
6.0,39.0,FNC,H2K,0.0,11.0
6.0,39.0,FOX,OPT,1.0,23.0
6.0,39.0,H2K,FNC,1.0,18.0
6.0,40.0,ROC, G2,1.0,19.0
6.0,40.0,UOL,S04,0.0,2.0
6.0,40.0,GIA,ROC,0.0,0.0
6.0,40.0,ROC,SPY,1.0,21.0
6.0,40.0,UOL,ROC,0.0,7.0
6.0,40.0,GIA, G2,0.0,18.0
6.0,40.0,FNC,VIT,0.0,9.0
6.0,40.0,FOX,GGS,1.0,19.0
6.0,40.0,H2K,MSF,0.0,2.0
6.0,40.0,FNC, G2,1.0,19.0
6.0,40.0,FOX, TL,1.0,16.0
6.0,40.0,H2K,GIA,0.0,6.0
6.0,41.0,FNC,MSF,0.0,16.0
6.0,41.0,FOX,100,1.0,20.0
6.0,41.0,H2K,UOL,0.0,3.0
6.0,41.0,FNC,ROC,1.0,20.0
6.0,41.0,FOX, C9,1.0,16.0
6.0,41.0,H2K, G2,0.0,2.0
6.0,41.0,ROC,UOL,1.0,15.0
6.0,41.0,UOL,H2K,1.0,20.0
6.0,41.0,GIA,S04,0.0,4.0
6.0,41.0,ROC,GIA,0.0,5.0
6.0,41.0,UOL,VIT,0.0,2.0
6.0,41.0,GIA,MSF,1.0,17.0
6.0,42.0,UOL,FNC,0.0,9.0
6.0,42.0,GIA,FNC,0.0,4.0
6.0,42.0,ROC,VIT,0.0,21.0
6.0,42.0,UOL, G2,0.0,5.0
6.0,42.0,GIA,SPY,0.0,2.0
6.0,42.0,FNC,UOL,1.0,14.0
6.0,42.0,FOX,TSM,0.0,6.0
6.0,42.0,H2K,SPY,0.0,5.0
6.0,42.0,FNC,GIA,1.0,17.0
6.0,42.0,FOX, TL,1.0,14.0
6.0,42.0,H2K,S04,0.0,2.0
6.0,42.0,ROC,FNC,0.0,4.0
6.0,43.0,ROC,MSF,1.0,19.0
6.0,43.0,UOL,MSF,0.0,2.0
6.0,43.0,ROC,H2K,0.0,10.0
6.0,43.0,UOL,GIA,1.0,20.0
6.0,43.0,FNC,S04,1.0,17.0
6.0,43.0,FOX,GGS,0.0,7.0
6.0,43.0,H2K,ROC,1.0,12.0
6.0,43.0,FNC,SPY,1.0,16.0
6.0,43.0,FOX,OPT,1.0,18.0
6.0,43.0,H2K,VIT,1.0,20.0
6.0,44.0,ROC,S04,1.0,12.0
6.0,44.0,UOL,SPY,1.0,21.0
6.0,44.0,ROC, G2,0.0,1.0
6.0,44.0,UOL,ROC,1.0,20.0
6.0,44.0,FNC,H2K,1.0,18.0
6.0,44.0,FOX, CG,0.0,9.0
6.0,44.0,H2K,FNC,0.0,4.0
6.0,44.0,FNC, G2,1.0,15.0
6.0,44.0,FOX,CLG,0.0,4.0
6.0,44.0,H2K,GIA,1.0,13.0
6.0,45.0,FNC,MSF,0.0,10.0
6.0,45.0,FOX,FLY,1.0,16.0
6.0,45.0,H2K,UOL,0.0,10.0
6.0,45.0,FNC,VIT,1.0,21.0
6.0,45.0,FOX,100,0.0,8.0
6.0,45.0,H2K,MSF,1.0,15.0
6.0,45.0,ROC,UOL,0.0,9.0
6.0,45.0,UOL,H2K,1.0,19.0
6.0,45.0,ROC,GIA,1.0,19.0
6.0,45.0,UOL,S04,1.0,19.0
6.0,46.0,UOL,VIT,0.0,1.0
6.0,46.0,ROC,FNC,0.0,1.0
6.0,46.0,TL ,OPT,1.0,14.0
6.0,46.0,UOL,FNC,0.0,2.0
6.0,46.0,TSM, TL,0.0,4.0
6.0,46.0,FNC,ROC,1.0,20.0
6.0,46.0,H2K, G2,1.0,17.0
6.0,46.0,TSM,FLY,0.0,9.0
6.0,46.0,FNC,UOL,1.0,16.0
6.0,46.0,H2K,SPY,0.0,4.0
6.0,46.0,C9 ,CLG,1.0,14.0
6.0,46.0,C9 ,GGS,1.0,17.0
6.0,46.0,CLG, C9,0.0,6.0
6.0,46.0,CLG,100,0.0,1.0
6.0,46.0,ROC,SPY,0.0,7.0
6.0,46.0,TL ,TSM,1.0,20.0
6.0,47.0,CLG, CG,0.0,4.0
6.0,47.0,CLG,GGS,1.0,19.0
6.0,47.0,ROC,VIT,1.0,21.0
6.0,47.0,TL ,100,0.0,10.0
6.0,47.0,UOL, G2,0.0,15.0
6.0,47.0,ROC,MSF,1.0,22.0
6.0,47.0,TL , CG,1.0,19.0
6.0,47.0,UOL,MSF,0.0,6.0
6.0,47.0,TSM,OPT,1.0,16.0
6.0,47.0,FNC,GIA,1.0,19.0
6.0,47.0,H2K,S04,1.0,22.0
6.0,47.0,TSM,FOX,0.0,19.0
6.0,47.0,FNC,S04,1.0,20.0
6.0,47.0,H2K,ROC,1.0,17.0
6.0,47.0,C9 ,FOX,0.0,11.0
6.0,47.0,C9 ,100,1.0,23.0
6.0,48.0,C9 ,OPT,1.0,17.0
6.0,48.0,C9 , CG,1.0,23.0
6.0,48.0,CLG,FOX,1.0,18.0
6.0,48.0,CLG,FLY,1.0,23.0
6.0,48.0,ROC,H2K,0.0,15.0
6.0,48.0,TL ,FLY,1.0,20.0
6.0,48.0,TL ,GGS,1.0,18.0
6.0,48.0,TSM,GGS,1.0,19.0
6.0,48.0,TSM,100,1.0,20.0
6.0,49.0,TSM, CG,0.0,15.0
6.0,49.0,TSM,CLG,1.0,17.0
6.0,49.0,C9 , TL,1.0,21.0
6.0,49.0,C9 ,FLY,1.0,14.0
6.0,49.0,CLG,OPT,0.0,6.0
6.0,49.0,CLG,TSM,0.0,5.0
6.0,49.0,TL , C9,0.0,0.0
6.0,49.0,TL ,FOX,0.0,12.0
6.0,50.0,TL ,GGS,0.0,8.0
6.0,50.0,TSM, C9,0.0,7.0
6.0,50.0,TSM, CG,0.0,4.0
6.0,50.0,C9 ,TSM,1.0,18.0
6.0,50.0,C9 ,FOX,0.0,5.0
6.0,50.0,CLG, TL,0.0,3.0
6.0,50.0,CLG,100,0.0,11.0
6.0,50.0,TL ,CLG,1.0,21.0
6.0,51.0,CLG, CG,0.0,10.0
6.0,51.0,CLG,GGS,0.0,6.0
6.0,51.0,TL ,FLY,1.0,13.0
6.0,51.0,TL ,FOX,0.0,2.0
6.0,51.0,TSM,FOX,1.0,16.0
6.0,51.0,TSM,OPT,1.0,21.0
6.0,51.0,C9 ,100,0.0,4.0
6.0,51.0,C9 , CG,1.0,19.0
6.0,52.0,C9 ,CLG,0.0,16.0
6.0,52.0,C9 ,GGS,1.0,15.0
6.0,52.0,CLG, C9,1.0,16.0
6.0,52.0,CLG, TL,1.0,21.0
6.0,52.0,TL ,100,1.0,20.0
6.0,52.0,TL ,CLG,0.0,3.0
6.0,52.0,TSM,FLY,1.0,20.0
6.0,52.0,TSM,100,0.0,10.0
6.0,53.0,TSM, TL,1.0,15.0
6.0,53.0,TSM, C9,1.0,19.0
6.0,53.0,C9 ,OPT,1.0,16.0
6.0,53.0,C9 ,TSM,0.0,6.0
6.0,53.0,CLG,FLY,1.0,13.0
6.0,53.0,CLG,FOX,1.0,20.0
6.0,53.0,TL ,TSM,0.0,5.0
6.0,53.0,TL , CG,1.0,19.0
6.0,54.0,TL ,OPT,1.0,18.0
6.0,54.0,TSM,GGS,1.0,22.0
6.0,54.0,TSM,CLG,1.0,19.0
6.0,54.0,C9 , TL,0.0,5.0
6.0,54.0,C9 ,FLY,0.0,3.0
6.0,54.0,CLG,OPT,0.0,6.0
6.0,54.0,CLG,TSM,0.0,2.0
6.0,54.0,TL , C9,1.0,16.0
7.0,10.0,CG , C9,1.0,15.0
7.0,10.0,CG ,FOX,0.0,2.0
7.0,10.0,OPT,GGS,1.0,15.0
7.0,10.0,GGS,OPT,0.0,6.0
7.0,10.0,OPT, C9,0.0,6.0
7.0,10.0,GGS, TL,1.0,19.0
7.0,10.0,100, TL,0.0,2.0
7.0,10.0,100,CLG,0.0,4.0
7.0,11.0,100,FLY,1.0,20.0
7.0,11.0,100, C9,1.0,18.0
7.0,11.0,CG ,TSM,1.0,19.0
7.0,11.0,CG ,CLG,0.0,6.0
7.0,11.0,OPT,FOX,1.0,18.0
7.0,11.0,GGS, C9,1.0,14.0
7.0,11.0,OPT,FLY,0.0,11.0
7.0,11.0,GGS,FOX,0.0,6.0
7.0,12.0,GGS,FLY,0.0,4.0
7.0,12.0,OPT,100,0.0,2.0
7.0,12.0,GGS,TSM,0.0,8.0
7.0,12.0,100, CG,1.0,20.0
7.0,12.0,100,OPT,1.0,20.0
7.0,12.0,CG ,100,0.0,12.0
7.0,12.0,CG , TL,1.0,16.0
7.0,12.0,OPT,CLG,0.0,0.0
7.0,13.0,CG ,GGS,0.0,7.0
7.0,13.0,CG ,OPT,1.0,17.0
7.0,13.0,OPT, TL,0.0,8.0
7.0,13.0,GGS, CG,1.0,21.0
7.0,13.0,OPT, CG,0.0,16.0
7.0,13.0,GGS,100,1.0,18.0
7.0,13.0,100,TSM,1.0,16.0
7.0,13.0,100,GGS,0.0,2.0
7.0,14.0,CG ,FLY,0.0,4.0
7.0,14.0,CG ,TSM,0.0,3.0
7.0,14.0,OPT,TSM,1.0,17.0
7.0,14.0,GGS,CLG,1.0,18.0
7.0,14.0,OPT, C9,1.0,19.0
7.0,14.0,GGS,FOX,0.0,5.0
7.0,14.0,100,FOX,1.0,19.0
7.0,14.0,100,FLY,0.0,17.0
7.0,15.0,100, CG,1.0,21.0
7.0,15.0,100,CLG,1.0,18.0
7.0,15.0,CG ,100,0.0,3.0
7.0,15.0,CG , TL,0.0,0.0
7.0,15.0,OPT,CLG,1.0,24.0
7.0,15.0,GGS, TL,0.0,7.0
7.0,15.0,OPT,GGS,1.0,14.0
7.0,15.0,GGS,OPT,0.0,19.0
7.0,16.0,GGS,TSM,0.0,2.0
7.0,16.0,OPT, CG,0.0,5.0
7.0,16.0,GGS,100,0.0,1.0
7.0,16.0,100, TL,0.0,7.0
7.0,16.0,100,GGS,1.0,19.0
7.0,16.0,CG , C9,0.0,2.0
7.0,16.0,CG ,OPT,1.0,20.0
7.0,16.0,OPT,FLY,1.0,20.0
7.0,17.0,CG ,FLY,0.0,6.0
7.0,17.0,CG ,GGS,1.0,22.0
7.0,17.0,OPT, TL,0.0,4.0
7.0,17.0,GGS, C9,0.0,4.0
7.0,17.0,OPT,FOX,1.0,17.0
7.0,17.0,GGS, CG,0.0,4.0
7.0,17.0,100,FOX,1.0,17.0
7.0,17.0,100,TSM,0.0,9.0
7.0,18.0,CG ,CLG,0.0,4.0
7.0,18.0,CG ,FOX,0.0,2.0
7.0,18.0,OPT,TSM,0.0,1.0
7.0,18.0,GGS,FLY,0.0,3.0
7.0,18.0,OPT,100,1.0,14.0
7.0,18.0,GGS,CLG,0.0,4.0
7.0,18.0,100, C9,0.0,6.0
7.0,18.0,100,OPT,0.0,11.0
7.0,19.0,S04,UOL,1.0,15.0
7.0,19.0,S04,FNC,0.0,9.0
7.0,20.0,S04, G2,0.0,3.0
7.0,20.0,S04,ROC,1.0,21.0
7.0,21.0,MSF,FNC,1.0,18.0
7.0,21.0,S04,MSF,0.0,0.0
7.0,21.0,S04,VIT,0.0,1.0
7.0,22.0,S04,GIA,1.0,17.0
7.0,22.0,S04,SPY,1.0,21.0
7.0,22.0,MSF,UOL,1.0,18.0
7.0,22.0,MSF,SPY,1.0,19.0
7.0,23.0,MSF,GIA,1.0,20.0
7.0,23.0,MSF,S04,1.0,22.0
7.0,23.0,S04,H2K,1.0,12.0
7.0,23.0,S04,UOL,1.0,15.0
7.0,24.0,MSF,H2K,1.0,19.0
7.0,24.0,MSF, G2,1.0,20.0
7.0,24.0,S04,FNC,0.0,1.0
7.0,24.0,S04, G2,1.0,15.0
7.0,25.0,MSF,VIT,1.0,17.0
7.0,25.0,MSF,ROC,1.0,17.0
7.0,25.0,S04,ROC,1.0,20.0
7.0,25.0,S04,MSF,1.0,16.0
7.0,26.0,S04,VIT,1.0,22.0
7.0,26.0,S04,GIA,1.0,17.0
7.0,26.0,MSF,FNC,0.0,0.0
7.0,26.0,MSF,UOL,1.0,19.0
7.0,27.0,MSF,SPY,0.0,4.0
7.0,27.0,MSF,GIA,0.0,3.0
7.0,27.0,S04,SPY,1.0,19.0
7.0,27.0,S04,H2K,0.0,4.0
7.0,28.0,MSF,S04,0.0,9.0
7.0,28.0,MSF,H2K,1.0,14.0
7.0,28.0,FLY,FOX,0.0,2.0
7.0,28.0,FLY,TSM,0.0,1.0
7.0,29.0,FLY,100,0.0,0.0
7.0,29.0,FLY,OPT,1.0,16.0
7.0,29.0,MSF, G2,0.0,5.0
7.0,29.0,MSF,VIT,0.0,2.0
7.0,30.0,FLY,GGS,1.0,18.0
7.0,30.0,FLY,CLG,1.0,20.0
7.0,30.0,MSF,ROC,0.0,6.0
7.0,31.0,FLY, C9,0.0,5.0
7.0,31.0,FLY, TL,1.0,20.0
7.0,32.0,FLY, CG,1.0,21.0
7.0,32.0,FLY,100,1.0,8.0
7.0,33.0,FLY,FOX,0.0,3.0
7.0,33.0,FLY,TSM,1.0,13.0
7.0,34.0,FLY,OPT,0.0,12.0
7.0,34.0,FLY, TL,0.0,10.0
7.0,35.0,FLY, CG,1.0,18.0
7.0,35.0,FLY,CLG,1.0,19.0
7.0,36.0,FLY,GGS,1.0,19.0
7.0,36.0,FLY, C9,0.0,1.0
7.0,39.0,G2 ,ROC,1.0,17.0
7.0,39.0,G2 ,SPY,1.0,18.0
7.0,39.0,VIT,SPY,1.0,20.0
7.0,39.0,SPY,VIT,0.0,1.0
7.0,40.0,G2 ,S04,1.0,19.0
7.0,40.0,G2 ,H2K,1.0,20.0
7.0,40.0,VIT,GIA,1.0,20.0
7.0,40.0,SPY, G2,0.0,8.0
7.0,40.0,VIT,ROC,0.0,19.0
7.0,40.0,SPY,MSF,0.0,4.0
7.0,41.0,G2 ,FNC,1.0,14.0
7.0,41.0,G2 ,UOL,1.0,16.0
7.0,41.0,VIT,FNC,0.0,0.0
7.0,41.0,SPY,UOL,0.0,1.0
7.0,41.0,VIT,UOL,1.0,19.0
7.0,41.0,SPY,H2K,1.0,20.0
7.0,42.0,VIT,S04,1.0,19.0
7.0,42.0,SPY,ROC,1.0,18.0
7.0,42.0,VIT,H2K,1.0,21.0
7.0,42.0,SPY,FNC,1.0,17.0
7.0,42.0,G2 ,MSF,0.0,6.0
7.0,42.0,G2 ,GIA,0.0,6.0
7.0,43.0,G2 ,VIT,1.0,19.0
7.0,43.0,G2 ,ROC,0.0,3.0
7.0,43.0,VIT,MSF,0.0,6.0
7.0,43.0,GIA,H2K,1.0,22.0
7.0,43.0,SPY,S04,0.0,1.0
7.0,43.0,VIT, G2,0.0,5.0
7.0,43.0,GIA,VIT,0.0,2.0
7.0,43.0,SPY,GIA,1.0,21.0
7.0,44.0,G2 ,SPY,1.0,19.0
7.0,44.0,G2 ,S04,0.0,1.0
7.0,44.0,VIT,SPY,0.0,4.0
7.0,44.0,GIA,UOL,0.0,2.0
7.0,44.0,SPY,VIT,1.0,16.0
7.0,44.0,VIT,GIA,1.0,16.0
7.0,44.0,GIA,MSF,0.0,5.0
7.0,44.0,SPY, G2,0.0,2.0
7.0,45.0,G2 ,H2K,1.0,18.0
7.0,45.0,G2 ,FNC,0.0,5.0
7.0,45.0,VIT,ROC,1.0,18.0
7.0,45.0,GIA,ROC,0.0,8.0
7.0,45.0,SPY,MSF,1.0,15.0
7.0,45.0,VIT,FNC,1.0,17.0
7.0,45.0,GIA,FNC,0.0,2.0
7.0,45.0,SPY,UOL,1.0,19.0
7.0,46.0,VIT,UOL,1.0,21.0
7.0,46.0,GIA,S04,0.0,7.0
7.0,46.0,SPY,H2K,0.0,4.0
7.0,46.0,VIT,S04,0.0,7.0
7.0,46.0,GIA, G2,1.0,15.0
7.0,46.0,SPY,ROC,1.0,21.0
7.0,46.0,FOX,FLY,1.0,18.0
7.0,46.0,FOX, CG,1.0,15.0
7.0,46.0,G2 ,UOL,1.0,17.0
7.0,46.0,G2 ,MSF,1.0,17.0
7.0,47.0,G2 ,GIA,1.0,18.0
7.0,47.0,G2 ,VIT,0.0,2.0
7.0,47.0,VIT,H2K,1.0,18.0
7.0,47.0,GIA,SPY,0.0,11.0
7.0,47.0,SPY,FNC,0.0,12.0
7.0,47.0,VIT,MSF,1.0,20.0
7.0,47.0,GIA,H2K,1.0,18.0
7.0,47.0,SPY,S04,0.0,7.0
7.0,47.0,FOX,OPT,0.0,6.0
7.0,47.0,FOX,GGS,1.0,15.0
7.0,48.0,UOL,S04,0.0,9.0
7.0,48.0,VIT, G2,1.0,21.0
7.0,48.0,GIA,VIT,0.0,12.0
7.0,48.0,ROC, G2,0.0,0.0
7.0,48.0,SPY,GIA,1.0,19.0
7.0,48.0,UOL,MSF,0.0,1.0
7.0,48.0,GIA,UOL,0.0,8.0
7.0,48.0,FNC,MSF,0.0,0.0
7.0,48.0,FOX, TL,0.0,0.0
7.0,48.0,H2K,GIA,0.0,7.0
7.0,48.0,FNC,S04,1.0,12.0
7.0,48.0,FOX, C9,1.0,16.0
7.0,48.0,H2K,ROC,0.0,1.0
7.0,49.0,FNC,H2K,1.0,19.0
7.0,49.0,FOX,CLG,0.0,6.0
7.0,49.0,H2K,FNC,0.0,2.0
7.0,49.0,FNC,VIT,1.0,20.0
7.0,49.0,FOX,TSM,1.0,17.0
7.0,49.0,H2K, G2,0.0,1.0
7.0,49.0,ROC,H2K,1.0,19.0
7.0,49.0,UOL,GIA,1.0,17.0
7.0,49.0,GIA,MSF,1.0,21.0
7.0,49.0,ROC,VIT,1.0,14.0
7.0,49.0,UOL,SPY,1.0,20.0
7.0,49.0,GIA,ROC,1.0,13.0
7.0,50.0,UOL,VIT,0.0,1.0
7.0,50.0,GIA,FNC,0.0,4.0
7.0,50.0,ROC,GIA,1.0,11.0
7.0,50.0,UOL, G2,0.0,4.0
7.0,50.0,GIA,S04,0.0,6.0
7.0,50.0,FNC, G2,0.0,5.0
7.0,50.0,FOX,100,0.0,6.0
7.0,50.0,H2K,SPY,0.0,3.0
7.0,50.0,FNC,GIA,1.0,20.0
7.0,50.0,FOX,GGS,1.0,17.0
7.0,50.0,H2K,MSF,0.0,2.0
7.0,50.0,ROC,S04,0.0,1.0
7.0,51.0,ROC,SPY,0.0,14.0
7.0,51.0,UOL,ROC,0.0,3.0
7.0,51.0,GIA, G2,0.0,6.0
7.0,51.0,ROC,UOL,1.0,17.0
7.0,51.0,UOL,H2K,1.0,19.0
7.0,51.0,GIA,SPY,0.0,2.0
7.0,51.0,FNC,SPY,0.0,6.0
7.0,51.0,FOX,FLY,1.0,19.0
7.0,51.0,H2K,VIT,0.0,1.0
7.0,51.0,FNC,ROC,1.0,21.0
7.0,51.0,FOX, C9,0.0,12.0
7.0,51.0,H2K,UOL,0.0,6.0
7.0,52.0,ROC,FNC,0.0,2.0
7.0,52.0,UOL,FNC,0.0,2.0
7.0,52.0,ROC,MSF,0.0,3.0
7.0,52.0,UOL,S04,0.0,11.0
7.0,52.0,FNC,UOL,1.0,20.0
7.0,52.0,FOX,CLG,1.0,18.0
7.0,52.0,H2K,S04,0.0,13.0
7.0,52.0,FNC,MSF,1.0,19.0
7.0,52.0,FOX,TSM,1.0,14.0
7.0,52.0,H2K,GIA,0.0,4.0
7.0,53.0,FNC,S04,1.0,19.0
7.0,53.0,FOX,100,0.0,2.0
7.0,53.0,H2K,ROC,0.0,2.0
7.0,53.0,FNC,H2K,1.0,23.0
7.0,53.0,FOX,OPT,0.0,9.0
7.0,53.0,H2K,FNC,0.0,1.0
7.0,53.0,ROC, G2,1.0,19.0
7.0,53.0,UOL,MSF,0.0,3.0
7.0,53.0,ROC,H2K,1.0,21.0
7.0,53.0,UOL,GIA,1.0,18.0
7.0,54.0,UOL,SPY,0.0,5.0
7.0,54.0,ROC,S04,0.0,8.0
7.0,54.0,UOL,VIT,0.0,4.0
7.0,54.0,FNC,VIT,0.0,3.0
7.0,54.0,FOX, TL,0.0,10.0
7.0,54.0,H2K, G2,0.0,6.0
7.0,54.0,FNC, G2,1.0,18.0
7.0,54.0,FOX, CG,1.0,19.0
7.0,54.0,H2K,SPY,1.0,21.0
7.0,54.0,ROC,VIT,0.0,5.0
7.0,55.0,CLG,TSM,0.0,7.0
7.0,55.0,CLG,100,1.0,21.0
7.0,55.0,ROC,GIA,0.0,12.0
7.0,55.0,TL ,100,1.0,18.0
7.0,55.0,UOL, G2,0.0,10.0
7.0,55.0,ROC,SPY,0.0,9.0
7.0,55.0,TL ,GGS,0.0,3.0
7.0,55.0,UOL,ROC,1.0,13.0
7.0,55.0,TSM,CLG,1.0,19.0
7.0,55.0,FNC,GIA,1.0,16.0
7.0,55.0,H2K,MSF,0.0,10.0
7.0,55.0,TSM,FLY,1.0,20.0
7.0,55.0,FNC,SPY,1.0,18.0
7.0,55.0,H2K,VIT,0.0,8.0
7.0,55.0,C9 , CG,0.0,5.0
7.0,55.0,C9 ,OPT,1.0,16.0
7.0,56.0,C9 ,GGS,0.0,19.0
7.0,56.0,C9 ,100,0.0,7.0
7.0,56.0,CLG, TL,0.0,3.0
7.0,56.0,CLG, CG,1.0,23.0
7.0,56.0,ROC,UOL,0.0,6.0
7.0,56.0,TL ,CLG,1.0,20.0
7.0,56.0,UOL,H2K,1.0,20.0
7.0,56.0,ROC,FNC,0.0,6.0
7.0,56.0,TL ,TSM,1.0,18.0
7.0,56.0,UOL,FNC,1.0,14.0
7.0,56.0,TSM, CG,0.0,9.0
7.0,56.0,FNC,ROC,1.0,14.0
7.0,56.0,H2K,UOL,0.0,2.0
7.0,56.0,TSM, TL,0.0,1.0
7.0,56.0,FNC,UOL,0.0,11.0
7.0,56.0,H2K,S04,1.0,17.0
7.0,57.0,TSM, C9,1.0,17.0
7.0,57.0,TSM,GGS,1.0,18.0
7.0,57.0,C9 ,TSM,0.0,14.0
7.0,57.0,C9 ,FOX,0.0,10.0
7.0,57.0,CLG,OPT,1.0,18.0
7.0,57.0,CLG,FLY,0.0,6.0
7.0,57.0,ROC,MSF,1.0,18.0
7.0,57.0,TL ,FOX,1.0,18.0
7.0,57.0,TL , CG,0.0,4.0
7.0,58.0,TL ,FLY,0.0,0.0
7.0,58.0,TSM,100,0.0,9.0
7.0,58.0,TSM,FOX,0.0,3.0
7.0,58.0,C9 ,FLY,1.0,18.0
7.0,58.0,C9 ,CLG,0.0,10.0
7.0,58.0,CLG,FOX,1.0,21.0
7.0,58.0,CLG, C9,1.0,24.0
7.0,58.0,TL ,OPT,1.0,15.0
7.0,59.0,CLG,GGS,0.0,3.0
7.0,59.0,TL , C9,0.0,6.0
7.0,59.0,CLG, TL,0.0,4.0
7.0,59.0,TL ,CLG,1.0,17.0
7.0,59.0,TSM,OPT,0.0,5.0
7.0,59.0,TSM, CG,1.0,19.0
7.0,59.0,C9 , TL,1.0,16.0
7.0,59.0,C9 ,OPT,0.0,5.0
7.0,60.0,TL ,GGS,1.0,21.0
7.0,60.0,C9 ,TSM,1.0,17.0
7.0,60.0,TL , CG,1.0,21.0
7.0,60.0,C9 ,FOX,1.0,15.0
7.0,60.0,CLG,OPT,0.0,4.0
7.0,60.0,CLG,100,0.0,9.0
7.0,60.0,TSM, C9,0.0,7.0
7.0,60.0,TSM,FLY,0.0,5.0
7.0,61.0,TSM,GGS,1.0,21.0
7.0,61.0,TSM,FOX,0.0,17.0
7.0,61.0,TL ,100,1.0,21.0
7.0,61.0,C9 , CG,1.0,18.0
7.0,61.0,TL ,FLY,1.0,16.0
7.0,61.0,C9 ,CLG,1.0,18.0
7.0,61.0,CLG,FOX,0.0,9.0
7.0,61.0,CLG, C9,0.0,5.0
7.0,62.0,TSM,CLG,1.0,22.0
7.0,62.0,TSM,100,1.0,26.0
7.0,62.0,TL ,OPT,1.0,16.0
7.0,62.0,C9 ,GGS,1.0,18.0
7.0,62.0,TL , C9,0.0,2.0
7.0,62.0,C9 , TL,1.0,22.0
7.0,62.0,CLG,TSM,0.0,4.0
7.0,62.0,CLG,FLY,0.0,2.0
7.0,63.0,CLG, CG,1.0,23.0
7.0,63.0,CLG,GGS,1.0,23.0
7.0,63.0,TSM,OPT,1.0,22.0
7.0,63.0,TSM, TL,1.0,18.0
7.0,63.0,TL ,FOX,1.0,16.0
7.0,63.0,C9 ,100,1.0,12.0
7.0,63.0,TL ,TSM,0.0,7.0
7.0,63.0,C9 ,FLY,1.0,21.0
